transcript_id	gene_id	bicor	abs_bicor	direction	correlation_method	intModel	gene_symbol	module	pair_id	pair_key	gene_body_overlap	exon_overlap	intron_overlap	gene_chr	gene_start	gene_end	gene_strand	erv_chr	erv_start	erv_end	same_chr	tss_distance	paired_gene_is_nearest	genomic_context
HERVH_5q32b	ENSG00000164265.8	0.943868953499777	0.943868953499777	positive	bicor	HERVH-int	SCGB3A2	turquoise	4000	HERVH_5q32b|||ENSG00000164265.8	TRUE	TRUE	FALSE	chr5	147870682	147882191	+	chr5	147869836	147874526	TRUE	0	TRUE	exonic
HERVL_18p11.21a	ENSG00000154864.11	0.9216209112545	0.9216209112545	positive	bicor	HERVL-int	PIEZO2	turquoise	8642	HERVL_18p11.21a|||ENSG00000154864.11	TRUE	FALSE	TRUE	chr18	10666483	11148762	-	chr18	11127309	11133941	TRUE	14647	TRUE	intronic
HERVH_5q35.1a	ENSG00000094755.16	0.914231714121778	0.914231714121778	positive	bicor	HERVH-int	GABRP	turquoise	13904	HERVH_5q35.1a|||ENSG00000094755.16	TRUE	TRUE	FALSE	chr5	170763350	170814047	+	chr5	170762081	170767864	TRUE	0	TRUE	exonic
HERVH_19p13.3b	ENSG00000171124.12	0.912136755265139	0.912136755265139	positive	bicor	HERVH-int	FUT3	turquoise	15966	HERVH_19p13.3b|||ENSG00000171124.12	TRUE	TRUE	FALSE	chr19	5842888	5851474	-	chr19	5847389	5850207	TRUE	0	TRUE	exonic
ERV316A3_8p11.22b	ENSG00000168619.15	0.903586328201466	0.903586328201466	positive	bicor	ERV3-16A3_I-int	ADAM18	turquoise	28468	ERV316A3_8p11.22b|||ENSG00000168619.15	TRUE	FALSE	TRUE	chr8	39584489	39730064	+	chr8	39670778	39673033	TRUE	12097	TRUE	intronic
HERVL_3q13.31	ENSG00000185565.11	0.903519928075025	0.903519928075025	positive	bicor	HERVL-int	LSAMP	turquoise	28579	HERVL_3q13.31|||ENSG00000185565.11	TRUE	FALSE	TRUE	chr3	115802363	117139389	-	chr3	116572122	116578479	TRUE	126591	TRUE	intronic
HERVH_15q26.3b	ENSG00000154237.12	0.902563685596203	0.902563685596203	positive	bicor	HERVH-int	LRRK1	turquoise	30472	HERVH_15q26.3b|||ENSG00000154237.12	TRUE	TRUE	FALSE	chr15	100919215	101078254	+	chr15	101072487	101078293	TRUE	8071	TRUE	exonic
HERVL40_12q21.31	ENSG00000133640.18	0.896125270666283	0.896125270666283	positive	bicor	HERVL40-int	LRRIQ1	turquoise	46345	HERVL40_12q21.31|||ENSG00000133640.18	TRUE	FALSE	TRUE	chr12	85036314	85263224	+	chr12	85145470	85148025	TRUE	11490	TRUE	intronic
PABLA_7q21.13	ENSG00000105792.19	0.87283533809376	0.87283533809376	positive	bicor	PABL_A-int	CFAP69	yellow	403	PABLA_7q21.13|||ENSG00000105792.19	TRUE	FALSE	TRUE	chr7	90245174	90311063	+	chr7	90291595	90294907	TRUE	9129	TRUE	intronic
