"gene","module","MM_MEdarkred","MM_MEsalmon","MM_MEgrey60","MM_MEtan","MM_MEviolet","MM_MEbrown","MM_MEred","MM_MEorange","MM_MEblue","MM_MEyellow","MM_MElightgreen","MM_MEpurple","MM_MEdarkgreen","MM_MElightyellow","MM_MElightcyan","MM_MEblack","MM_MEpink","MM_MEgreenyellow","MM_MEmidnightblue","MM_MEdarkorange","MM_MEdarkturquoise","MM_MEsteelblue","MM_MEdarkgrey","MM_MEturquoise","MM_MEsaddlebrown","MM_MEcyan","MM_MEgreen","MM_MEmagenta","MM_MEpaleturquoise","MM_MEwhite","MM_MEroyalblue","MM_MEskyblue","MM_MEgrey","p.MM_MEdarkred","p.MM_MEsalmon","p.MM_MEgrey60","p.MM_MEtan","p.MM_MEviolet","p.MM_MEbrown","p.MM_MEred","p.MM_MEorange","p.MM_MEblue","p.MM_MEyellow","p.MM_MElightgreen","p.MM_MEpurple","p.MM_MEdarkgreen","p.MM_MElightyellow","p.MM_MElightcyan","p.MM_MEblack","p.MM_MEpink","p.MM_MEgreenyellow","p.MM_MEmidnightblue","p.MM_MEdarkorange","p.MM_MEdarkturquoise","p.MM_MEsteelblue","p.MM_MEdarkgrey","p.MM_MEturquoise","p.MM_MEsaddlebrown","p.MM_MEcyan","p.MM_MEgreen","p.MM_MEmagenta","p.MM_MEpaleturquoise","p.MM_MEwhite","p.MM_MEroyalblue","p.MM_MEskyblue","p.MM_MEgrey","GS_AGE","p.GS_AGE","target_module"
"ENSG00000213903.9","greenyellow",-0.294768570502905,0.122886947433366,-0.284386544557746,-0.747592307675163,-0.174784433309321,-0.157557595481679,-0.487191539922636,0.055019974807668,0.138612628166001,-0.350689625872217,0.4399490802667,0.527881292361801,0.155628415496034,0.1954275282488,0.285076606467295,0.468747939636329,0.555823102201094,0.888690328216118,0.447868428462584,0.277754205986766,0.269557382217522,0.37626240603495,0.0734423454901668,0.445222209454002,0.16025060008211,0.237012582249222,0.392979868533452,0.0115035505365863,0.188089131332704,0.0403682548226558,0.143703599897104,0.110083032528633,0.629467417280904,7.32458680526453e-18,0.000427275366702187,1.10384240698029e-16,3.50998311275966e-147,4.90271732089223e-07,5.96362753888011e-06,5.5460580986817e-50,0.115859074409717,6.96226588170997e-05,4.41120744047515e-25,4.81761240378759e-40,6.97457506489293e-60,7.76557996268808e-06,1.74815327956437e-08,9.24934306182804e-17,6.46099557893964e-46,1.668968735848e-67,1.43246141206272e-278,1.32912519791964e-41,5.89062905932706e-16,4.38594700358542e-15,6.57963257026859e-29,0.0357176683285365,4.45831187105061e-41,4.10351494416008e-06,6.58287820568453e-12,1.33379443565693e-31,0.742520535414946,5.96999883015617e-08,0.248801679623338,3.70465437538716e-05,0.0016147729450154,1.7457972384895e-91,0.316660153159902,1.65115303499224e-20,"greenyellow"
"ENSG00000204410.16","greenyellow",-0.252039819456953,0.310380831213553,-0.500676099124962,-0.795231351031641,-0.254955399432768,-0.330308017139894,-0.428813415852176,-0.0572456695269669,0.293334325816904,-0.292087992621517,0.585991575010236,0.4325213925208,0.228222082185288,0.151283523902242,0.251547630565252,0.270237339107671,0.46829708528092,0.799085901683392,0.569755896354776,0.294382870535662,0.330081095137498,0.371454490823755,0.0946779952013069,0.552325854952757,0.259252945204876,0.278133618019378,0.382503313734529,-0.0647357791193333,0.173161845036605,-0.0162450004578686,0.0608820328417728,0.0266905588653072,0.761255647826447,2.55629153324999e-13,1.00004389706051e-19,4.0730051284843e-53,1.66642971166945e-179,1.3270265616319e-13,2.83368909517389e-22,6.40919430476103e-38,0.1018177582486,1.07263041125557e-17,1.49159112181558e-17,1.37899794276829e-76,1.28329390122361e-38,3.9836465329419e-11,1.39129411189275e-05,2.85312634685931e-13,3.72269589313535e-15,8.06539097772338e-46,1.70801665128809e-182,1.39435036747905e-71,8.11758792109627e-18,3.03701604215871e-22,3.66603653502373e-28,0.00673227286355158,1.64469803668567e-66,4.97261768748992e-14,5.35902637113466e-16,6.77662608816482e-30,0.06422731003248,6.27149146714649e-07,0.642691811260207,0.081820311795144,0.445858823667738,1.13839552841298e-155,0.29775185006286,3.2898290728677e-18,"greenyellow"
"ENSG00000140688.17","greenyellow",-0.50455089318723,0.059129417135954,-0.420716941474168,-0.843257475065937,-0.349578644970989,-0.379731873109715,-0.529054886923183,0.0674643834457372,0.354228791348374,-0.198387808435918,0.547315554685808,0.555432466716656,0.283831194540507,0.185503447035993,0.279020238696292,0.2062573418649,0.413677314262517,0.79551634473466,0.416473140193977,0.241380785084784,0.343472861231917,0.290759528367899,0.151690816885074,0.579112179460951,0.147498267291644,0.238645062668188,0.358289449737241,-0.0428741500132404,0.18340526502394,0.0660057090314376,0.0707636471767877,0.0548624105784406,0.69774865868571,4.82099268853247e-54,0.0910211692504608,2.00483747663782e-36,3.27420535182712e-222,6.35364887897366e-25,1.87088480634305e-29,3.44826549199855e-60,0.0537587080893061,1.36617868278815e-25,1.05076728236972e-08,4.16171614041008e-65,2.1578488152758e-67,1.27220243617219e-16,9.09865445175931e-08,4.29388038909399e-16,2.61314593050944e-09,3.71070300886835e-35,1.0068716859826e-179,1.17411931171254e-35,2.61841405538364e-12,4.59908857113241e-24,2.11596221458763e-17,1.31817455603749e-05,1.97026552675504e-74,2.28258631598055e-05,4.67426173268385e-12,3.49501896320123e-26,0.220605817170918,1.27525240764959e-07,0.0591629193832442,0.043038950442785,0.116908021657483,2.40044250256769e-120,0.284997183241554,9.43975430082151e-17,"greenyellow"
"ENSG00000170919.16","greenyellow",0.0145390276417554,0.51702583215364,-0.495657764367945,-0.760262437282167,-0.039785369894483,-0.224916365574607,-0.391816469362546,-0.166270072140698,0.168518970191037,-0.44996098073604,0.574565379289915,0.256232545369895,0.251607513881188,0.208457226344626,0.370113127510627,0.39896945216625,0.603056163963712,0.792252435253589,0.674974826655719,0.299306589117373,0.40394550189277,0.450196456893522,0.21086906090622,0.610483600279798,0.214630166956533,0.332859305715971,0.504772812950234,-0.0054253883946262,0.212540648030089,0.00195542086637559,0.0515809482029883,0.00122326893272483,0.767031634334973,0.677986404059603,4.14088393801712e-57,6.2037321996562e-52,4.92631988648924e-155,0.255705801100608,7.69365524188809e-11,2.07770144759637e-31,1.74001365219867e-06,1.25281949158673e-06,5.06575841748878e-42,4.90806944577334e-73,9.93154775328355e-14,2.81528041966511e-13,1.75334893423671e-09,5.88966029336668e-28,1.32376433682266e-32,3.67470783876074e-82,3.07831627211352e-177,7.47407864053064e-110,2.1597075295306e-18,1.87298869103494e-33,4.54276502323956e-42,1.12635888798435e-09,1.07665582276994e-84,5.58926669636886e-10,1.29494131426485e-22,4.26281017000177e-54,0.87687354029573,8.26264257511955e-10,0.955468524136259,0.140487913003281,0.972133278826664,1.96616150809846e-159,0.278580021432576,4.79375448636444e-16,"greenyellow"
"ENSG00000160781.17","greenyellow",-0.285584318042087,0.113835032416629,-0.303201141113402,-0.699279917513056,-0.19185861334745,-0.218303380706179,-0.500623419851298,0.0961072930587866,0.207367029492717,-0.26121420954741,0.371587986714018,0.420207586979281,0.354406245275285,0.440736383406354,0.31538063350804,0.354676495419128,0.468087011165354,0.789742726269373,0.422767884140224,0.266776730223986,0.263649745759645,0.301035416857392,0.0717817921400264,0.44831773899746,0.124558828604203,0.196316298155925,0.315680552545424,0.0654691563847291,0.165262154482841,0.0113464869043313,0.11480042777999,0.063734019720213,0.578121518171405,8.11842401932469e-17,0.00110867536759688,7.4411492139415e-19,4.35631550782647e-121,3.19583774261178e-08,2.78415960476041e-10,4.19211325955703e-53,0.00594313212865925,2.13789900614086e-09,3.15797884398765e-14,3.49665405439785e-28,2.4819545215448e-36,1.2876957226054e-25,3.38573399689766e-40,2.39166551051545e-20,1.17666085556567e-25,8.94250321533661e-46,2.33961077449166e-175,8.45562654426127e-37,8.53410985946225e-15,1.78750783331931e-14,1.34846794847035e-18,0.040119325835317,1.08108832301525e-41,0.00035570617168462,1.50163478752747e-08,2.19307007996388e-20,0.0612607808108482,2.01316985979906e-06,0.745914079552007,0.00100461185609304,0.068469765424796,3.9869474112456e-74,0.307971881862338,1.97315090909419e-19,"greenyellow"
"ENSG00000138834.15","greenyellow",-0.0712849198754019,0.325165441696378,-0.342017493900523,-0.685727487453401,-0.133312378487395,-0.112245262998627,-0.43111700870991,0.0510383082453282,0.10027465407602,-0.380868747756503,0.318358762909115,0.154503290163724,0.149452994523227,0.150743611503247,0.346866118577226,0.485827445443641,0.600539106756718,0.789337404736131,0.586325025751755,0.221716746876449,0.201079142775964,0.277855095845624,0.0461782167609305,0.407818580925907,0.0834058567091001,0.179138973963054,0.370206201083509,-0.0694588359465232,0.13737119920302,0.00705275380112142,0.0367455813334846,0.0280388290645649,0.518624472293408,0.0415225038292256,1.3433315633151e-21,7.32460068269684e-24,1.09514297419984e-114,0.000131262398564133,0.00130194564481864,2.36533774926757e-38,0.144716630683842,0.00409462901997716,1.23493408127627e-29,1.00684069224775e-20,9.04515602196649e-06,1.77030110192926e-05,1.49419040074913e-05,1.53911433882884e-24,1.13058472448956e-49,2.56231439921015e-81,4.68257039703147e-175,1.08092845339043e-76,1.44075341672482e-10,6.56983707911835e-09,5.74440957515091e-16,0.187030897583964,3.99459291554099e-34,0.0170338441974928,2.50349027228423e-07,5.69947881797944e-28,0.0470408359459352,8.09382040250836e-05,0.840379766411675,0.293857568257577,0.423211964154498,1.64026369188521e-57,0.319714101082891,6.76950188275717e-21,"greenyellow"
"ENSG00000108474.17","greenyellow",-0.306127471181047,0.00701328129716257,-0.255777045269695,-0.593472650381948,-0.192665783369285,-0.105039811363288,-0.428015291282939,0.0116812324083974,0.0917739680562295,-0.370396673854006,0.334587538569177,0.46282783014066,0.120427266717429,0.131466794173387,0.142517864401855,0.409769723631976,0.465437708293994,0.786807365936996,0.411494865472429,0.180931163107049,0.19005122895346,0.276512680446521,0.0946547291626989,0.378309178273646,0.0825296049915267,0.171097400300992,0.399691672735347,-0.0658961532145487,0.110234266330445,-0.0470877406831606,0.0103923598570586,-0.0233337123088152,0.526989052610485,3.30592850355174e-19,0.841261228200727,1.10150432571311e-13,5.45529431748916e-79,2.79099533692674e-08,0.00263022744173696,9.03682014455106e-38,0.738687526326602,0.00863110709799557,5.32902671240514e-28,7.58647193723671e-23,1.1581300633987e-44,0.0005572606195955,0.000162810111200632,4.29931744134468e-05,1.81991877472206e-34,3.2673805403246e-45,3.43984366175401e-173,9.04254860168722e-35,1.88941088200384e-07,4.31909657215313e-08,8.01910174937201e-16,0.00674586161457448,3.13908225322819e-29,0.0182344165861991,8.55053732952344e-07,9.98712272094203e-33,0.0595863657081911,0.00159082658257421,0.178486660482541,0.76663275512666,0.505135844184242,1.18930568433625e-59,0.236193281345372,7.80963474760311e-12,"greenyellow"
"ENSG00000184441.4","greenyellow",-0.215595297894094,0.271926322599135,-0.389137041256553,-0.766478025028687,-0.151198381791491,-0.251448356246605,-0.472913202916734,-0.00422735118353344,0.224353331198462,-0.309473287449198,0.462409173153373,0.340249549400286,0.260561258123396,0.192797898667121,0.351613680827816,0.357182164459866,0.55010302459221,0.769114031351228,0.584522931556189,0.215281422392377,0.305505792686005,0.35849257172606,0.170122826112977,0.561604360152331,0.149257381945575,0.291750519684845,0.423647590390219,-0.108974244308272,0.149037362647317,0.0118169361666115,0.0440281072566822,0.0176288470391109,0.648864777224302,4.65965884384847e-10,2.47235242611599e-15,5.72793012814835e-31,4.56011539567487e-159,1.40705975644243e-05,2.91696884193815e-13,8.19498346725118e-47,0.903912142260151,8.59759843042613e-11,1.29279803135312e-19,1.41733224123983e-44,1.28489805741222e-23,3.67482992502165e-14,2.72964848991905e-08,3.25290075688913e-25,5.07864101999312e-26,6.94299399689e-66,8.13166451244929e-161,4.0173805909372e-76,4.94409955582325e-10,3.93080250883463e-19,3.26293025360661e-26,9.88529755269414e-07,3.57915167169493e-69,1.81616635885218e-05,1.63043194279524e-17,5.82816699773464e-37,0.00180070814476119,1.86910407641046e-05,0.735764436190244,0.208421029241196,0.614637057243523,6.28247775967944e-99,0.282411238071631,1.82623619006237e-16,"greenyellow"
"ENSG00000163257.11","greenyellow",-0.548453174692225,-0.147193415570049,-0.388294508785446,-0.646790315287105,-0.292031153437966,-0.225891558616577,-0.591450372427351,0.183890525982359,0.227664722203087,-0.248075109359119,0.332778850900655,0.490645011772002,0.12771677050142,0.177399021893584,0.3017789968584,0.349664433462943,0.43336423555448,0.763457672264191,0.391407267846969,0.153100503752915,0.195878766374501,0.191880703153933,0.0496277952138477,0.389981545115536,-0.0103099944372618,0.0688123793951275,0.21957389036971,0.0319022289417113,0.178105681818952,0.0287019159854193,0.0532880147166643,0.0371115907413487,0.470651888058886,2.00794521539898e-65,2.37419561140592e-05,7.86404169968275e-31,4.1705516658426e-98,1.51413139636329e-17,6.34260478388298e-11,2.4690696498527e-78,1.17987518255949e-07,4.45439151351842e-11,6.15209579883871e-13,1.32746849918279e-22,9.00766205499353e-51,0.000250048314329513,3.28123691499565e-07,1.10010777603715e-18,6.1774503583147e-25,8.87861576916048e-39,4.31073706695747e-157,2.42720345802831e-31,1.09233450951235e-05,1.61845719425319e-08,3.18403762831972e-08,0.156163612945985,4.16510368880425e-31,0.768429377670174,0.0491365334594668,2.18146970978667e-10,0.362156956838569,2.94074990729918e-07,0.412325308040019,0.127802256569254,0.28907201962019,2.52305743595222e-46,0.278633277082324,4.73036431567516e-16,"greenyellow"
"ENSG00000127415.13","greenyellow",-0.189202299355154,0.240228953883951,-0.409526736410105,-0.748127042400281,-0.0986608785802933,-0.31180653824102,-0.419417505418009,-0.0515892236569555,0.264428718730051,-0.248509867049696,0.435749838368576,0.422955517068988,0.245875846418305,0.167242251440465,0.341492962027978,0.296868179290696,0.554196726434722,0.760869863996727,0.480196888807134,0.286416547660023,0.395781272622194,0.531472481741149,0.24499571367759,0.627909778884316,0.217583388765281,0.347223497141384,0.444109357478473,-0.0702663158981697,0.180347301055977,0.0432281720562585,0.091019407087355,0.0816224986058767,0.692756649537361,4.9704896147418e-08,3.3448814054399e-12,2.00767957923951e-34,1.67270500773308e-147,0.00473768490805517,6.66891380961529e-20,3.45376747893368e-36,0.140424165877361,1.48818298444767e-14,5.59142195631789e-13,3.11228418131561e-39,7.81115425758209e-37,9.948124699134e-13,1.51046871675693e-06,8.65696454429061e-24,4.17410853711075e-18,4.85288013482371e-67,2.01273917826845e-155,2.06728448019612e-48,6.55208317711815e-17,4.55413201099204e-32,8.00972530929312e-61,1.20420501804442e-12,6.56019723678598e-91,3.19480908375782e-10,1.37044235677093e-24,7.3931760820659e-41,0.0445290405182015,2.07146325886254e-07,0.216814623949883,0.00919692056845365,0.0195545295854927,5.81075099308618e-118,0.312462562270084,5.53049973110178e-20,"greenyellow"
"ENSG00000213906.10","greenyellow",-0.336208474820191,0.0665413868347501,-0.307583021218016,-0.643901036643756,-0.189626513717406,-0.255895201070243,-0.505096646780582,0.100030520744112,0.248820315808825,-0.226010879816452,0.378702833265777,0.447991313225262,0.154060620972143,0.15312816428635,0.305741518273706,0.282875903438345,0.439568839856175,0.758538777938597,0.431292808623852,0.218254009530947,0.28690931465437,0.301047843255335,0.0946021528694962,0.454033172361368,0.15804962576716,0.238370785235773,0.302549864351942,-0.0851443418663213,0.147175129617319,0.0279142989723975,0.0898367836382747,0.0673411997060019,0.592722183660179,4.58036397595785e-23,0.05712820301936,2.20063160160875e-19,5.68223123415764e-97,4.63392193611055e-08,1.07233323860684e-13,3.56158221428227e-54,0.00418653776607601,5.22202489631359e-13,6.19412131866463e-11,2.72097702840497e-29,1.25616099439401e-41,9.60176585153252e-06,1.08829569300175e-05,3.68123109029707e-19,1.62285400567778e-16,5.7104209601527e-40,6.15638081548329e-154,2.19138141558606e-38,2.8105932060075e-10,5.76915317827729e-17,1.34389500050631e-18,0.00677665997210567,7.60337086374218e-43,5.57245898527754e-06,4.95192535987329e-12,8.90256123336113e-19,0.0148552648957166,2.3798001849218e-05,0.425275090699873,0.0101503384592395,0.0541985953239125,9.56524265231506e-79,0.270211641628516,3.74586654871987e-15,"greenyellow"
"ENSG00000260261.2","greenyellow",-0.146920507129584,0.300285883129691,-0.192734195886181,-0.607856896671023,-0.0773127867890991,0.00910261935525421,-0.267080879889597,-0.0470865000021358,0.00416911420616081,-0.413001006206788,0.58908701280156,0.381232640641224,0.0610594116104868,0.0801133794845069,0.237685108160293,0.515055877546771,0.44266884614729,0.752839118801758,0.516377800532914,0.149571844242169,0.110172767419396,0.216314858694914,-0.0864246898097948,0.220121889579363,0.033785973512573,0.0818847271999069,0.235880408536831,-0.075085787801079,0.0805030744779949,-0.00555429002146668,0.0177371769930239,-0.0180521332193691,0.536286593319062,2.45915839616247e-05,1.65460689643005e-18,2.75906360645884e-08,8.62153806934898e-84,0.0270269288651049,0.794903458919185,7.93781095870836e-15,0.178498114824589,0.905229596226414,4.89368569836179e-35,1.42228910835769e-77,1.08080974163336e-29,0.0809326540855187,0.0219357316103158,5.7185898664817e-12,1.28751532484455e-56,1.41892774741565e-40,2.24567008993626e-150,6.01885171817912e-57,1.74297466220489e-05,0.00160052467807525,4.06642016924377e-10,0.0134113740095311,1.96269329408183e-10,0.334494557001944,0.0191646030356684,8.33486594608401e-12,0.0317730756504404,0.0212978935572446,0.873972304834379,0.612463747385542,0.606164466550215,4.22466175708621e-62,0.264148245927618,1.5898051241063e-14,"greenyellow"
"ENSG00000244560.7","greenyellow",-0.115534368321267,0.329739670727591,-0.312870981416187,-0.621056248112204,-0.226182668526481,-0.219398561928886,-0.366526014661648,-0.00395840904013716,0.201381073022462,-0.288483103963713,0.518850473309264,0.321536083473996,0.181964406679991,0.0839598843675837,0.172418720303416,0.290084883838654,0.372297424224701,0.747548551835538,0.517070585562731,0.164323120908139,0.238963935036961,0.283648036849699,0.0865106368011484,0.432508558565771,0.0186488706786679,0.14006282685376,0.341732307274199,-0.16741342818626,0.0982830619000033,0.0337993267378654,0.00577035009320259,-0.0258786406202293,0.628985465480886,0.000931620224912928,3.37038778424663e-22,4.92099019020135e-20,2.03285427026662e-88,5.98629103757329e-11,2.25635804950951e-10,2.06990099103439e-27,0.909998379572434,6.2301345446983e-09,3.8358987615772e-17,1.43841552803877e-57,3.95732846444095e-21,1.60438613344394e-07,0.0163109966455336,7.0147867581252e-07,2.52534323451612e-17,2.71840078708757e-28,3.7291345780293e-147,4.03518332773939e-57,2.30430545134087e-06,4.37057000021189e-12,1.33308599419182e-16,0.0133190402898542,1.29050196486625e-38,0.594309510523083,5.82973441526217e-05,8.02164844499473e-24,1.47318406250575e-06,0.0049008438554643,0.334303450486336,0.869113173323298,0.459822488662645,2.63167455275091e-91,0.281452862236874,2.32815850202245e-16,"greenyellow"
"ENSG00000167992.14","greenyellow",-0.0988221561295536,0.158312381886429,-0.199845574495436,-0.610044093649603,-0.0909428028406278,-0.137161569825374,-0.474267894322306,0.0916260062470314,0.0965387944629994,-0.330022746669124,0.22706441067013,0.247111232896651,0.233465135822387,0.201576357948904,0.284250544798056,0.399161771297786,0.541282580189985,0.741367969935658,0.388715696557093,0.274921131042161,0.290636124533088,0.3483715237555,0.141353568373345,0.479701511800609,0.157971973173802,0.280319761912649,0.479145956606768,0.0173122840540947,0.188808645805979,0.0650081793121385,0.0717799947528198,0.0555751384847955,0.522534484297344,0.00466954473683877,5.37373266996161e-06,8.15430118470697e-09,1.52702031951251e-84,0.00925617110106848,8.30124265579537e-05,4.16119219326975e-47,0.0087395452783651,0.00572181497313553,3.09158575290433e-22,5.02218359926823e-11,7.59886307325490e-13,1.37328148965564e-11,6.01956784216588e-09,1.14292341048245e-16,1.22815832646921e-32,1.89533992843702e-63,1.71088685142596e-143,6.71250411045758e-31,1.18812435029303e-15,2.18561487314667e-17,9.42941208433836e-25,4.97037276678215e-05,2.66267620639941e-48,5.63252047350637e-06,3.09860048499965e-16,3.53488362964546e-48,0.62100725218561,5.30388408282096e-08,0.0631119131406053,0.0401243284273064,0.112221949631704,1.66792814996262e-58,0.371684306273727,3.37927672983232e-28,"greenyellow"
"ENSG00000182841.13","greenyellow",-0.215643884116901,0.262200846228301,-0.440491008160139,-0.733908312747296,-0.189440065916543,-0.316751206524096,-0.501037889335569,0.0694931485354448,0.295548276843221,-0.225570492039107,0.421255160666438,0.279617110051316,0.259167486704312,0.170172366255501,0.410527666992203,0.301473831622424,0.546578074236997,0.74093566229267,0.579403205891861,0.224849552776226,0.312579882505813,0.339347178748951,0.170087490591448,0.565079820700647,0.12826777916438,0.218035176069325,0.354652958932113,-0.0545516627764474,0.126606375134019,0.00735978658972316,0.0859057601649531,0.0417132361729565,0.640227436891408,4.61707850933158e-10,2.50952915554678e-14,3.77951966721646e-40,3.27567210888248e-139,4.7790394934685e-08,1.60807620489661e-20,3.34106196281026e-53,0.0469317308709119,5.9473856115022e-18,6.75960767103743e-11,1.59932790352594e-36,3.69715373484587e-16,5.07153122513852e-14,9.81287044159633e-07,1.33909945098423e-34,1.19604577071024e-18,6.66520665830983e-65,3.05781386641307e-143,1.60102389247479e-74,7.79586652681004e-11,5.34817057920397e-20,1.70940787990262e-23,9.93727122168283e-07,3.42543829992748e-70,0.000234939313337295,2.9307328781106e-10,1.18594209323272e-25,0.118998556944589,0.000283299780435776,0.833530308838531,0.0139809554016514,0.233370241923033,1.51066618994014e-95,0.293096021333581,1.14257641731005e-17,"greenyellow"
"ENSG00000226696.7","greenyellow",-0.369287827303852,0.0776187103865123,-0.291118925035497,-0.639086417013948,-0.189001641828726,-0.0535446715539149,-0.336251329876454,-0.0309146290134775,0.0621212035410533,-0.391489567356262,0.54496458879933,0.474886228972706,0.124408979331553,0.109552466332709,0.157440763468935,0.456120573981961,0.433265206871092,0.737871313882742,0.462026660994603,0.145235309960691,0.131468807604487,0.226992005725013,0.0297958777272798,0.313236502836172,0.049713755523208,0.148117861215142,0.323319746457781,-0.00695247433774788,0.114804036866482,0.0308888360841603,0.0124493122473399,0.0286728561460073,0.517569431023107,7.87569806423296e-28,0.0264252546824006,1.92532489389303e-17,4.14675809294633e-95,5.13781444563896e-08,0.125974404182494,4.51948078412924e-23,0.377215205675083,0.0757810298452051,2.35252059001237e-31,1.86013948851047e-64,3.05094586523601e-47,0.000361632470773053,0.00170142562129395,6.060291569855e-06,2.8475503447539e-43,9.27182854939036e-39,1.81410172877742e-141,1.70414607907305e-44,3.05126431812897e-05,0.000162772106706865,5.09526857060308e-11,0.394731164207803,4.43200289500096e-20,0.155446946906304,2.10663931082587e-05,2.33130836307607e-21,0.842619498781067,0.00100424034460648,0.377613572364694,0.72219382475296,0.41279891674488,3.02396489328582e-57,0.237420983121681,6.04390971277977e-12,"greenyellow"
"ENSG00000203761.5","greenyellow",-0.19248198970778,0.201018188653421,-0.41935045631886,-0.70441202580309,-0.0594937376619101,-0.217661521042551,-0.470189918204158,-0.0407878594118061,0.181161550494499,-0.35723303381898,0.41447010008254,0.337667074208531,0.232210064115915,0.190573939199774,0.381922947221868,0.355608383580611,0.555091060886352,0.736740242908939,0.528786755257828,0.246768274656402,0.311067810377181,0.299913990625536,0.134408010261197,0.531499112336507,0.168638220289753,0.223341171589946,0.398617933295477,-0.04197471397936,0.139873208444169,-0.00801373066921902,0.0372569980733184,0.0234010491990099,0.613296536881768,2.87856415588916e-08,6.64056585972633e-09,3.55183982894635e-36,1.31895178554928e-123,0.0890431380318277,3.14753753480427e-10,3.17139526859891e-46,0.243912819674113,1.82190813041845e-07,4.99235524366958e-26,2.68057414848789e-35,2.9012768471331e-23,1.77624131196723e-11,3.95996707666372e-08,8.38922505921535e-30,8.61629708470312e-26,2.70029923362659e-67,8.07037598168786e-141,4.05134760472905e-60,8.19014182719576e-13,8.22906298212554e-20,1.8309849415508e-18,0.000115354938286837,7.88143863140338e-61,1.23103632912048e-06,1.04901729713924e-10,1.51796406478256e-32,0.230450613842556,5.9672333360028e-05,0.818984347422101,0.287185457018858,0.503907378980106,1.13516371237517e-85,0.276331577814602,8.38706901148186e-16,"greenyellow"
"ENSG00000229152.2","greenyellow",-0.265233134649924,0.220828210901625,-0.499781781407382,-0.704384251993412,-0.11075482088264,-0.269531623564544,-0.596371634929753,0.114878385507541,0.257802736674004,-0.289977093849932,0.356111240058757,0.179192747361925,0.159488221072196,0.216240265933873,0.582270053805391,0.413095956586628,0.621259444886934,0.73523184777,0.691413948594633,0.154868170362695,0.294223670523754,0.240671165586413,0.0795473933869387,0.495342761734197,0.0761099237921466,0.187187514660087,0.240840517412794,0.0609162120382445,0.161408528456189,0.0367973484392663,0.0945233361733203,0.0289021612374229,0.542941983168162,1.23080576914842e-14,1.71205362335138e-10,6.63947033808249e-53,1.36146649315845e-123,0.00151087476334924,4.41323327301677e-15,6.14732639204045e-80,0.000996615246050713,6.93938212803469e-14,2.59760946180283e-17,7.27959755028998e-26,2.48254162373608e-07,4.56446051050584e-06,4.12432398740529e-10,2.04977287689534e-75,4.70738789722521e-35,1.7184431782437e-88,5.83680774556601e-140,2.4953718743576e-117,8.60963009300531e-06,8.46904041841242e-18,3.04522179109873e-12,0.0228916364112612,7.34920113451498e-52,0.0295084752356487,6.91954684438906e-08,2.93756199778713e-12,0.0816486581839449,3.48757958603311e-06,0.293177515243161,0.00682306584407745,0.40907052176578,6.68168192761652e-64,0.322680355937556,2.8193821437615e-21,"greenyellow"
"ENSG00000263272.1","greenyellow",-0.0765666515209898,0.347511948739769,-0.298954560355431,-0.647861588291412,-0.182827392354391,-0.18641275882996,-0.452051890095635,0.0794919216855138,0.161474960139603,-0.290268838491002,0.404882996847917,0.230011882375831,0.152033655164221,0.199970363851871,0.35114193713569,0.415799651544813,0.550741983238199,0.73238341374356,0.666204738253693,0.150519994488499,0.231748974780887,0.196997666120262,0.0759892737917699,0.409662327734418,0.0405370498304506,0.187727427394991,0.332539565725077,0.0137578520069901,0.12680670323199,-0.00496784919618791,0.0511794940169976,0.00357771902279517,0.551185072170687,0.0285441010492471,1.24774449684609e-24,2.37617122952643e-18,1.57207913186735e-98,1.39856331459785e-07,7.85077208650844e-08,1.91924698124623e-42,0.022987238766976,3.45506999328588e-06,2.40655889112419e-17,1.29095642295232e-33,2.7775125060759e-11,1.25947719335884e-05,7.97850655137951e-09,3.80066867967126e-25,1.55070030269456e-35,4.59449577449528e-66,2.35960603194408e-138,4.64272285958591e-106,1.53889422198356e-05,1.95160372878389e-11,1.33581552668629e-08,0.0297678490740929,1.90065588991195e-34,0.246826869587813,6.33473217466754e-08,1.42905613922622e-22,0.694392551408436,0.000277010402341927,0.887184616409571,0.143607132525281,0.918622439853238,3.44879590445425e-66,0.198160933012807,1.09287428397442e-08,"greenyellow"
"ENSG00000167615.17","greenyellow",0.0127347024935541,0.424696752580912,-0.351652067224937,-0.632345881431363,-0.0181853070366517,-0.0784463748871264,-0.326106881323853,-0.0817716773301892,0.0490143052337928,-0.44068811804943,0.434898956519939,0.105310879442615,0.164599555752132,0.0921690180570256,0.379011459584086,0.47878651219067,0.584275025639712,0.727519939567509,0.63582016894427,0.157150763001817,0.248479620096565,0.182372201822666,0.0164053807300931,0.419384862775828,0.0443314793171138,0.19681070247925,0.378800770253883,-0.150657899664935,0.161758261102628,0.0625345431714655,0.0428024555492676,0.0364370230607008,0.554323351745042,0.71609759316503,3.73388476738457e-37,3.2119291023706e-25,1.48209580391667e-92,0.603509654812553,0.0248550210475299,1.01257192476382e-21,0.01933186526989,0.16135120765786,3.45983192423805e-40,4.52769787341091e-39,0.00256345842366935,2.21465327302786e-06,0.00834744130456157,2.4321827582355e-29,4.24494866514491e-48,4.80945966545871e-76,1.17172798877161e-135,7.29188457407859e-94,6.30674149888076e-06,5.62875230042297e-13,1.50372435992085e-07,0.639413211570375,3.50117349092184e-36,0.205300086668944,1.37945835082967e-08,2.62583469193746e-29,1.51117718676489e-05,3.31965859100492e-06,0.0738492178072999,0.221379330573526,0.29793292468724,4.46683995886682e-67,0.285125171466268,9.13478004794633e-17,"greenyellow"
"ENSG00000127586.17","greenyellow",-0.0727248997001947,0.420140648857198,-0.477425943123493,-0.714247284576074,-0.263059550232318,-0.333228397502314,-0.343816696001471,-0.0372362929312231,0.281253823468734,-0.232216174088325,0.492736202945467,0.283481797442458,0.193922256644292,0.13122551439197,0.215148674568236,0.200631976887799,0.380059751483783,0.726038817992057,0.506057939488629,0.240659624226771,0.320792438428339,0.334384852566759,0.0995015812742176,0.488420412835626,0.163294655310351,0.205260880979907,0.313216500629439,-0.0876664960194486,0.108415906780237,-0.0302259794608614,0.00727335102249317,-0.0182069343907818,0.687887611650674,0.0375662327521357,2.55250341040359e-36,8.4709242076519e-48,1.37293573293147e-128,2.05294172807337e-14,1.155532099033e-22,4.1187540766906e-24,0.287453584697333,2.44828808547024e-16,1.77402422292931e-11,2.96630727385818e-51,1.39082282663048e-16,2.25781071887372e-08,0.000167425209904262,5.06942488638414e-10,7.10619786392995e-09,1.65993578822163e-29,7.5557886619589e-135,2.08665182564499e-54,3.05269778101563e-12,4.9289865444071e-21,8.07885657531547e-23,0.00439210605151228,2.91158904526633e-50,2.66937986024732e-06,3.12630523080761e-09,4.45747526157967e-20,0.0121306885406976,0.00190159350714179,0.387939865701166,0.835457310014644,0.603079007773367,1.10383630007454e-115,0.30160060866659,1.15522730041364e-18,"greenyellow"
"ENSG00000103269.14","greenyellow",-0.0453379215135234,0.440190237052103,-0.456465735088706,-0.73822996070266,-0.226250890556207,-0.311546117298088,-0.446564548454959,0.0313242682219754,0.275672214589325,-0.236182653428268,0.431408141762625,0.178152360852338,0.225800383577705,0.221124529502038,0.346064313914493,0.271980503718151,0.494134994989769,0.724494090769799,0.554930188174308,0.294579541640652,0.296080149980083,0.39097945285998,0.157333190751784,0.53224236917245,0.122193285411646,0.203984165112575,0.347143800602902,-0.0219637851069802,0.169130240554921,0.0192288033728445,0.0776343008666659,0.0744339922416227,0.650775806096362,0.195189346130827,4.32468736485185e-40,2.41911656625629e-43,1.12827056060266e-141,5.90565842168621e-11,7.18238234396642e-20,2.41616854738048e-41,0.370923125000273,9.87250710201515e-16,7.82693292953722e-12,2.08421661941738e-38,2.91950034051453e-07,6.45839969083211e-11,1.61646028586199e-10,1.99587276201091e-24,2.4399881605076e-15,1.40499113191971e-51,5.21003212781298e-134,3.0009865383554e-67,7.70320185114994e-18,5.15776449630288e-18,2.85495394879156e-31,6.15061664354711e-06,5.0193275631151e-61,0.000460736611321288,3.92851331491171e-09,1.40639731191361e-24,0.530466092198987,1.14494509092794e-06,0.582890844617071,0.0263949039710843,0.0332905030828861,1.08422059189789e-99,0.307678739660999,2.14234572688408e-19,"greenyellow"
"ENSG00000116032.5","greenyellow",-0.298187512735652,0.13065161678614,-0.259432531561415,-0.653658840725525,-0.157980577508048,-0.122682857970627,-0.375680703042694,0.0136501455596454,0.116422413124013,-0.294592957357444,0.446028637531397,0.418803281321318,0.16829121585488,0.146582780218992,0.240383237439357,0.380365810957379,0.453510164910206,0.713493549600411,0.435359979387423,0.255328049269343,0.202482164403276,0.268109222397222,0.073585657209903,0.381476671668266,0.143356668455379,0.224477980952542,0.333957463496024,0.0422303960283901,0.16586518673365,0.0383539932077721,0.072860913008292,0.0866663741575919,0.54984286851462,2.92461153680097e-18,0.000178900792168605,4.7708859177025e-14,7.47328441645975e-101,5.62583498316618e-06,0.000436877398838232,8.11197987835288e-29,0.696666054099515,0.000849867403710301,7.67570677604008e-18,3.08662602647507e-41,4.46260490773306e-36,1.29545567530089e-06,2.56830071982346e-05,3.23719263107092e-12,1.48436083995737e-29,9.7143544106213e-43,3.36470964396146e-128,3.69596597984999e-39,1.2196263515097e-13,5.12990250016695e-09,6.20931628593249e-15,0.0353578441900236,9.88287880374022e-30,3.87004965120397e-05,8.38894662654474e-11,9.22294948874071e-23,0.227620855812869,1.84517338186661e-06,0.273220267948876,0.0372096680410779,0.0131531582342584,8.21188124791328e-66,0.250812251749198,3.36058099385549e-13,"greenyellow"
"ENSG00000226005.6","greenyellow",-0.192910062186812,0.161152927094704,-0.432465507625745,-0.62362220434131,-0.181943985986849,-0.270860848933125,-0.465535748616636,0.0416715588685268,0.239351783641511,-0.25744023074503,0.336557042390214,0.329774556693648,0.186597328609992,0.188368054181626,0.269717337231772,0.261347605121284,0.435793918322821,0.712294292909934,0.414470913681235,0.235881329100167,0.266447283725279,0.377862830082085,0.196161397437425,0.511474713902252,0.0844317022074011,0.157212899998229,0.343512493687275,0.02334496132826,0.174370412011867,-0.00550834124502016,0.0897867784510728,0.0389384592398937,0.58685400904025,2.67859296957044e-08,3.61541436305218e-06,1.31497578459894e-38,2.41363965632956e-89,1.60959421570284e-07,3.20173448948321e-15,3.11503386673284e-45,0.233838013646723,4.02712760001656e-12,7.53979420429466e-14,4.10776182379451e-23,3.33473029324898e-22,7.61850916868272e-08,5.70269433647802e-08,4.22017911857033e-15,3.0615279744667e-14,3.05233966993402e-39,1.39238064276393e-127,2.67967851618979e-35,8.33327101242578e-12,9.22968235668812e-15,3.6905163923612e-29,1.54202694282332e-08,9.93410821401834e-56,0.0157167653192657,6.25314331146121e-06,4.54101462879217e-24,0.504930512410559,5.22175469509164e-07,0.87500629863894,0.0101925206980267,0.265972207527554,7.34104019132048e-77,0.3922216069798,1.78088972171752e-31,"greenyellow"
"ENSG00000236144.9","greenyellow",-0.130069177446494,0.276253119612395,-0.216935795783566,-0.569729650993071,0.0479484035113867,0.0997057192270354,-0.150382607149678,-0.198837228982862,-0.0910383211934383,-0.464349581452198,0.640031236184292,0.449673503035732,0.0632157632603755,0.0843382739645927,0.211743970072339,0.568421648163546,0.439067442751751,0.711629951213891,0.393294178345127,0.143097001764309,0.104309930090839,0.251551900474672,-0.113389076242488,0.18109879653238,0.0582187454875386,0.116259393415294,0.25571538667999,-0.0477354525097594,0.101919196249518,0.00335258749073059,-0.0165576849400525,-0.0111685101379942,0.485994976299971,0.000191299022577374,8.55159032639563e-16,3.61418077661433e-10,1.41983470889968e-71,0.170671649618491,0.00431171106421459,1.56698779540242e-05,9.71953891094183e-09,0.00918234332405493,5.54501315289549e-45,1.79766588310217e-95,5.78587901152201e-42,0.070753254865931,0.0158329011375484,9.58048963922651e-10,3.49428212711128e-71,7.14311894862679e-40,3.04847990674923e-127,1.18290950333955e-31,3.99839456265384e-05,0.00281797487723084,2.85041135260331e-13,0.00116003039994555,1.84006062935899e-07,0.0961200061967558,0.000864358575875783,1.11703467947823e-13,0.172581047391316,0.00352166215422256,0.923727081712455,0.636306202384044,0.749765427981197,1.036070723758e-49,0.116464723027778,0.000846143320473254,"greenyellow"
"ENSG00000260404.4","greenyellow",-0.493425584128605,-0.110394383354973,-0.244588648762928,-0.617608383329785,-0.344887118880056,-0.238800793249246,-0.552698437708633,0.221388309985943,0.252055696419786,-0.191312237773925,0.284079606390893,0.425613856606339,0.158970098362107,0.156482831214191,0.224271278404918,0.271884928107847,0.402603292541236,0.711071645163522,0.437191011217017,0.150017025914751,0.198894410727754,0.120708396295922,0.0657116998334818,0.39939310809391,0.076519717649357,0.130261601028314,0.290444486846422,-0.0683195220608123,0.0978041940955037,0.00203889123449296,0.0693277473647951,0.0154324333778952,0.49066486781118,2.05331848792506e-51,0.00156582962107576,1.315102733601e-12,3.45260265802491e-87,2.91905527680713e-24,4.52345068420575e-12,1.29058768849545e-66,1.53575838828836e-10,2.54723862003784e-13,3.50155653030284e-08,1.19398048135597e-16,2.52679619696825e-37,4.9055514119827e-06,6.91129401837958e-06,8.73770235314804e-11,2.49736277933486e-15,3.18445343664527e-33,5.87951551943837e-127,1.6454445242145e-39,1.64413999553416e-05,9.62347111048825e-09,0.000540731320487142,0.0603049683971862,1.12218551069917e-32,0.0286419359050577,0.000187116451276026,2.29828060692418e-17,0.0507863442309071,0.00511492475608669,0.95356972385221,0.0474596264696566,0.659408707577558,8.91348174801917e-51,0.293568895753421,1.00790501323448e-17,"greenyellow"
"ENSG00000100031.19","greenyellow",0.0649023869150869,0.418764311810401,-0.39859952362458,-0.637334099442246,-0.138725914749597,-0.228843829947152,-0.338290928347715,-0.0678548176615321,0.187609948597649,-0.305016767185892,0.376351801683224,0.172592117582077,0.213716731589979,0.158744065640324,0.245818470055248,0.284455883339954,0.439044601588081,0.709415299130616,0.460695257811595,0.283249063189894,0.330086798908861,0.360324119600222,0.140184358774207,0.480131892016669,0.136383622788425,0.240998681359895,0.378458810620275,-0.0441857228579128,0.173396924739138,0.0276328677140367,0.0364404066408837,0.0352511828260042,0.624563895865187,0.0635431883211659,4.53567379603644e-36,1.52887883070715e-32,1.93903761328873e-94,6.86680552770921e-05,3.51576682812917e-11,2.38476693157723e-23,0.0523840888148848,6.4577639661738e-08,4.50296606743079e-19,6.37106377695405e-29,6.83412252200688e-07,6.63409216056468e-10,5.06186809189689e-06,1.00730101439655e-12,1.08442644112554e-16,7.21627141093404e-40,4.0891615288829e-126,3.23067774977167e-44,1.47580855568115e-16,3.03173298897434e-22,1.75205919329624e-26,5.74318822587801e-05,2.13713772511328e-48,9.11566777247792e-05,2.84038408789763e-12,2.97314641285841e-29,0.206795299591796,6.05256823944782e-07,0.429959181666596,0.297888031847842,0.313944524870603,1.09868764676943e-89,0.318140983495448,1.07295360172744e-20,"greenyellow"
"ENSG00000231443.2","greenyellow",-0.0968372707061971,0.373136364227825,-0.248396306726152,-0.591997785146279,-0.0956097127698706,0.0218428770716,-0.187756283844456,-0.163373302622851,-0.0225592169220917,-0.441469293025291,0.644750114361492,0.390468868442803,0.0488354226527076,0.0939777612204472,0.123298308362406,0.474345530374543,0.37826454031416,0.709001335898553,0.5068370948779,0.173369488288835,0.137145943104899,0.242366015299135,-0.0760253416639379,0.208270059332337,0.0742023410747032,0.104932378650175,0.261267895315628,-0.0204967093470808,0.112801698584799,-0.0250178260297402,0.0047676017799224,-0.0167255766682313,0.554326406889373,0.00557309678748351,2.01680522466072e-28,5.73284387195613e-13,1.64246123059999e-78,0.00620787795303207,0.532732229106397,6.30486029150512e-08,2.63961171791973e-06,0.519377852263226,2.43609809434614e-40,2.64513122258099e-97,3.46413319187062e-31,0.162888011113622,0.00715218208622644,0.000408516423652461,4.00230307188101e-47,3.19033694534102e-29,6.62548012607558e-126,1.35115984429394e-54,6.07773491785228e-07,8.31690401406233e-05,2.12148104428414e-12,0.0296901059644284,1.8142068362507e-09,0.0338445112280793,0.00265712633431721,3.11880819537783e-14,0.558288689015059,0.0012310212290041,0.474890253639128,0.891703489492076,0.632888594147613,4.45791346404661e-67,0.202499311944946,5.11435836332501e-09,"greenyellow"
"ENSG00000258839.4","greenyellow",-0.126036456102151,0.272962086939399,-0.201527343847218,-0.610239871609814,-0.019851919260257,0.0641833509447797,-0.228331881194656,-0.168953268760527,-0.0819475213437562,-0.491323951463635,0.508166074286785,0.384043035595888,0.1456273865424,0.134571745304739,0.151844454517231,0.542117115254108,0.534456970935568,0.70589190687815,0.467298009906538,0.285054049748115,0.172131563070668,0.363089686937584,0.0945166512438364,0.342355886014856,0.146073137178151,0.295047032786237,0.49513780679753,-0.0361837511740285,0.134211414450158,0.101564623673733,0.0543090865361212,0.0910931966896957,0.529911491030881,0.000301930751708662,1.92083023735799e-15,6.07175854114672e-09,1.3069811425334e-84,0.570737008401123,0.0665392336368755,3.89681649677266e-11,1.17522269147171e-06,0.0190722429179595,6.28579557729622e-51,6.42163022140738e-55,3.83840617448569e-30,2.90250563991661e-05,0.000113139705066471,1.2915551705817e-05,1.122751274216e-63,1.29976468426445e-61,2.41964873380901e-124,1.31694662066457e-45,9.30303335629444e-17,7.32412395208431e-07,6.79870558795707e-27,0.0068270148943228,6.57484639059133e-24,2.74174520706261e-05,6.80000891037358e-18,8.20498911989419e-52,0.30130610847988,0.00011806870241825,0.00363865014990745,0.120650708460202,0.00914016679299452,2.05851259164852e-60,0.212923924009987,7.69324877625475e-10,"greenyellow"
"ENSG00000066651.20","greenyellow",-0.499876931958571,-0.0678657330277198,-0.23951936081161,-0.621303419595726,-0.294882805093008,-0.196423721367517,-0.428323080371603,0.104748628354502,0.191781967285799,-0.226614440400904,0.467867696715684,0.578250473695393,0.0419375854914028,0.128762897920717,0.169250071546237,0.296998279773816,0.301295851324761,0.701231966081609,0.381180287268171,0.0939366587910966,0.134459554626891,0.151220682515833,0.0045850091352368,0.290829249610825,0.00078428766409696,0.0157565821579541,0.15533908588385,-0.0332083071190897,0.104935516033732,0.00453052616046802,0.0286999759144889,0.00575715546339879,0.486567035081304,6.30353879807272e-53,0.0523460840956285,3.88704177909509e-12,1.65705191161989e-88,7.10473176130859e-18,1.47422733326647e-08,7.91627162373675e-38,0.00270371587416738,3.23711042528949e-08,5.49353286213265e-11,9.95936326250577e-46,3.63791342829204e-74,0.230863599579238,0.00022209638785916,1.12487047428704e-06,4.03055052658538e-18,1.25575902826495e-18,4.86855325398823e-122,1.10174999998195e-29,0.00717754391207933,0.00011465320914633,1.40291400238553e-05,0.895827023001646,2.07758085567028e-17,0.982131371130551,0.652719040597233,8.07704777782424e-06,0.34282915706242,0.0026563372551377,0.897057974613943,0.412356916724101,0.869409777422852,7.68721282652777e-50,0.194968307826859,1.89046609483794e-08,"greenyellow"
