"gene","module","MM","p_MM","GS_AGE","p_GS_AGE","abs_MM","abs_GS_AGE","rank_in_module","symbol","is_GenAge","gene_type","chromosome","gene_start","gene_end","strand","TSS","gene_length","ERV_position_eligible","promoter_ERV_n","promoter_ERV_any","promoter_ERV_families","nearest_ERV_distance","nearest_ERV_signed_distance","nearest_ERV_fragment_id","nearest_ERV_repName","nearest_ERV_family","nearest_ERV_part","nearest_ERV_start","nearest_ERV_end","nearest_ERV_strand","nearest_ERV_direction","AGE_expression_direction","candidate_group","priority_rank"
"ENSG00000101084.19","red",0.828274488013281,1.79078045075048e-207,-0.341661370471259,8.20497687515503e-24,0.828274488013281,0.341661370471259,4,"RAB5IF",FALSE,"protein_coding","chr20",36605779,36612317,"+",36605779,6539,TRUE,1,TRUE,"ERV1",1933,-1933,"chr20_36603792_36603845_LTR49","LTR49","ERV1","LTR_or_other",36603792,36603845,"-","upstream","decreases_with_age","promoter_ERV",1
"ENSG00000148300.12","red",0.76924421565004,6.6559104257816e-161,-0.31981316734837,6.57537491059233e-21,0.76924421565004,0.31981316734837,27,"REXO4",FALSE,"protein_coding","chr9",133406097,133418096,"-",133418096,12000,TRUE,1,TRUE,"ERV1",367,-367,"chr9_133418464_133418920_LTR2","LTR2","ERV1","LTR_or_other",133418464,133418920,"-","upstream","decreases_with_age","promoter_ERV",2
"ENSG00000260404.4","greenyellow",0.711071645163522,5.87951551943837e-127,0.293568895753421,1.00790501323448e-17,0.711071645163522,0.293568895753421,26,"ENSG00000260404",FALSE,"transcribed_unprocessed_pseudogene","chr4",118591719,118633729,"+",118591719,42011,TRUE,7,TRUE,"ERV1;ERVL;ERVL-MaLR",323,-323,"chr4_118591354_118591395_MLT2F","MLT2F","ERVL","LTR_or_other",118591354,118591395,"+","upstream","increases_with_age","promoter_ERV",3
"ENSG00000182841.13","greenyellow",0.74093566229267,3.05781386641307e-143,0.293096021333581,1.14257641731005e-17,0.74093566229267,0.293096021333581,15,"RRP7BP",FALSE,"transcribed_unprocessed_pseudogene","chr22",42555212,42582039,"-",42582039,26828,TRUE,1,TRUE,"ERVL-MaLR",1002,-1002,"chr22_42583042_42583237_MLT1G","MLT1G","ERVL-MaLR","LTR_or_other",42583042,42583237,"-","upstream","increases_with_age","promoter_ERV",4
"ENSG00000126243.9","red",0.819547804643716,1.55951545050913e-199,-0.291055642976653,1.95761906628199e-17,0.819547804643716,0.291055642976653,8,"LRFN3",FALSE,"protein_coding","chr19",35935358,35946624,"+",35935358,11267,TRUE,1,TRUE,"ERVL",538,-538,"chr19_35934749_35934819_LTR16E1","LTR16E1","ERVL","LTR_or_other",35934749,35934819,"+","upstream","decreases_with_age","promoter_ERV",5
"ENSG00000134874.18","turquoise",0.842790515486533,9.94371140413749e-222,0.275945900872101,9.22690780121666e-16,0.842790515486533,0.275945900872101,20,"DZIP1",FALSE,"protein_coding","chr13",95579760,95644706,"-",95644706,64947,TRUE,1,TRUE,"ERV1",1996,-1996,"chr13_95646703_95646717_MER4CL34","MER4CL34","ERV1","LTR_or_other",95646703,95646717,"-","upstream","increases_with_age","promoter_ERV",6
"ENSG00000139117.14","pink",0.807490360732181,3.03499178411837e-189,0.271938870930878,2.46481953000647e-15,0.807490360732181,0.271938870930878,23,"CPNE8",FALSE,"protein_coding","chr12",38646822,38907430,"-",38907430,260609,TRUE,1,TRUE,"ERVL-MaLR",1905,-1905,"chr12_38909336_38909639_MLT1C","MLT1C","ERVL-MaLR","LTR_or_other",38909336,38909639,"+","upstream","increases_with_age","promoter_ERV",7
"ENSG00000213906.10","greenyellow",0.758538777938597,6.15638081548329e-154,0.270211641628516,3.74586654871987e-15,0.758538777938597,0.270211641628516,11,"LTB4R2",FALSE,"protein_coding","chr14",24309125,24312053,"+",24309125,2929,TRUE,3,TRUE,"ERVL",0,0,"chr14_24308793_24309154_LTR42","LTR42","ERVL","LTR_or_other",24308793,24309154,"+","overlaps_TSS","increases_with_age","promoter_ERV",8
"ENSG00000140937.14","turquoise",0.846504352820555,1.30693565213867e-225,0.268990517268084,5.02657064243172e-15,0.846504352820555,0.268990517268084,16,"CDH11",FALSE,"protein_coding","chr16",64943753,65126112,"-",65126112,182360,TRUE,1,TRUE,"ERVL-MaLR",1256,-1256,"chr16_65127369_65127706_MLT1H","MLT1H","ERVL-MaLR","LTR_or_other",65127369,65127706,"-","upstream","increases_with_age","promoter_ERV",9
"ENSG00000100605.17","red",0.806390150435206,2.42462893906902e-188,-0.265868240808662,1.05896571549768e-14,0.806390150435206,0.265868240808662,11,"ITPK1",FALSE,"protein_coding","chr14",92936914,93116320,"-",93116320,179407,TRUE,1,TRUE,"ERV1",405,-405,"chr14_93116726_93116878_MER31B","MER31B","ERV1","LTR_or_other",93116726,93116878,"+","upstream","decreases_with_age","promoter_ERV",10
"ENSG00000140931.20","turquoise",0.833579629373121,1.59711498360564e-212,0.26502718364569,1.29220024227924e-14,0.833579629373121,0.26502718364569,30,"CMTM3",FALSE,"protein_coding","chr16",66603874,66613892,"+",66603874,10019,TRUE,5,TRUE,"ERV1;ERVL",182,-182,"chr16_66603587_66603691_LTR62","LTR62","ERVL","LTR_or_other",66603587,66603691,"-","upstream","increases_with_age","promoter_ERV",11
"ENSG00000142173.16","turquoise",0.856360196673964,1.97437160726033e-236,0.239684683951485,3.75351735120157e-12,0.856360196673964,0.239684683951485,8,"COL6A2",FALSE,"protein_coding","chr21",46098112,46132848,"+",46098112,34737,TRUE,3,TRUE,"ERVL",1174,-1174,"chr21_46096533_46096937_LTR16B","LTR16B","ERVL","LTR_or_other",46096533,46096937,"-","upstream","increases_with_age","promoter_ERV",12
"ENSG00000287299.1","midnightblue",0.764946186078026,4.62012554337652e-158,0.235519462977617,8.98379216089376e-12,0.764946186078026,0.235519462977617,5,"ENSG00000287299",FALSE,"lncRNA","chr2",200390666,200477635,"-",200477635,86970,TRUE,3,TRUE,"ERV1;ERVL-MaLR",384,384,"chr2_200476473_200477250_LTR1D1","LTR1D1","ERV1","LTR_or_other",200476473,200477250,"-","downstream","increases_with_age","promoter_ERV",13
"ENSG00000164402.14","turquoise",0.840874534661576,9.13424713897675e-220,0.232516704371831,1.66824815776388e-11,0.840874534661576,0.232516704371831,23,"SEPTIN8",FALSE,"protein_coding","chr5",132750819,132807241,"-",132807241,56423,TRUE,1,TRUE,"ERV1",585,585,"chr5_132806617_132806655_LTR54","LTR54","ERV1","LTR_or_other",132806617,132806655,"+","downstream","increases_with_age","promoter_ERV",14
"ENSG00000163565.20","pink",0.902155806267507,3.64138568044942e-300,0.213078620348224,7.47441836554577e-10,0.902155806267507,0.213078620348224,1,"IFI16",FALSE,"protein_coding","chr1",158999968,159055155,"+",158999968,55188,TRUE,1,TRUE,"ERVL-MaLR",4,-4,"chr1_158999860_158999963_MSTB","MSTB","ERVL-MaLR","LTR_or_other",158999860,158999963,"+","upstream","increases_with_age","promoter_ERV",15
"ENSG00000168077.14","turquoise",0.850596367297371,5.2307470032724e-230,0.209444731167978,1.46371260392337e-09,0.850596367297371,0.209444731167978,12,"SCARA3",FALSE,"protein_coding","chr8",27633868,27676776,"+",27633868,42909,TRUE,2,TRUE,"ERV1",1052,-1052,"chr8_27632246_27632815_LTR31","LTR31","ERV1","LTR_or_other",27632246,27632815,"+","upstream","increases_with_age","promoter_ERV",16
"ENSG00000006042.12","turquoise",0.853663988518219,2.15986221343241e-233,0.207387069348949,2.13014122300581e-09,0.853663988518219,0.207387069348949,10,"TMEM98",FALSE,"protein_coding","chr17",32927910,32945106,"+",32927910,17197,TRUE,3,TRUE,"ERV1",868,-868,"chr17_32927012_32927041_MER51A","MER51A","ERV1","LTR_or_other",32927012,32927041,"+","upstream","increases_with_age","promoter_ERV",17
"ENSG00000252051.1","blue",0.873092233041618,8.55187805737813e-257,0.202491865311049,5.12110306212634e-09,0.873092233041618,0.202491865311049,19,"RN7SKP276",FALSE,"misc_RNA","chr1",229410571,229410767,"-",229410767,197,TRUE,1,TRUE,"ERV1",1650,-1650,"chr1_229412418_229412815_LTR7","LTR7","ERV1","LTR_or_other",229412418,229412815,"+","upstream","increases_with_age","promoter_ERV",18
"ENSG00000168404.13","pink",0.824932151555313,2.21904714123316e-204,0.184558960379314,1.05970551736731e-07,0.824932151555313,0.184558960379314,13,"MLKL",FALSE,"protein_coding","chr16",74671855,74700960,"-",74700960,29106,TRUE,3,TRUE,"ERV1;ERVL",681,-681,"chr16_74701642_74702046_MER51B","MER51B","ERV1","LTR_or_other",74701642,74702046,"+","upstream","increases_with_age","promoter_ERV",19
"ENSG00000205312.8","darkgreen",0.730847316540417,1.70107122347277e-137,0.184285122470544,1.10743264806128e-07,0.730847316540417,0.184285122470544,28,"KRT17P4",FALSE,"transcribed_unprocessed_pseudogene","chr17",16847852,16851908,"-",16851908,4057,TRUE,1,TRUE,"ERVK",878,-878,"chr17_16852787_16853018_LTR14A","LTR14A","ERVK","LTR_or_other",16852787,16853018,"-","upstream","increases_with_age","promoter_ERV",20
"ENSG00000142089.17","pink",0.842875798588602,8.11998951528774e-222,0.184193651664017,1.12383277943348e-07,0.842875798588602,0.184193651664017,10,"IFITM3",FALSE,"protein_coding","chr11",319676,329475,"-",329475,9800,TRUE,2,TRUE,"ERV1;ERVL-MaLR",0,0,"chr11_329237_329833_LTR71B","LTR71B","ERV1","LTR_or_other",329237,329833,"+","overlaps_TSS","increases_with_age","promoter_ERV",21
"ENSG00000185201.18","pink",0.847990675889898,3.41920521801523e-227,0.16997198614401,1.01090004603583e-06,0.847990675889898,0.16997198614401,8,"IFITM2",FALSE,"protein_coding","chr11",303655,309397,"+",303655,5743,TRUE,6,TRUE,"ERV1",0,0,"chr11_303522_303699_MER41E","MER41E","ERV1","LTR_or_other",303522,303699,"-","overlaps_TSS","increases_with_age","promoter_ERV",22
"ENSG00000286452.1","blue",0.889989984202026,1.57131509796524e-280,0.161569553034765,3.40927932362827e-06,0.889989984202026,0.161569553034765,6,"ENSG00000286452",FALSE,"lncRNA","chr6",141403240,141404494,"+",141403240,1255,TRUE,2,TRUE,"ERV1",0,0,"chr6_141402823_141403281_LOR1a","LOR1a","ERV1","LTR_or_other",141402823,141403281,"+","overlaps_TSS","increases_with_age","promoter_ERV",23
"ENSG00000146416.19","blue",0.876239442387565,6.00275238524489e-261,0.158807525368561,5.01750724574437e-06,0.876239442387565,0.158807525368561,15,"AIG1",FALSE,"protein_coding","chr6",143060496,143341058,"+",143060496,280563,TRUE,1,TRUE,"ERV1",1093,-1093,"chr6_143058930_143059402_LTR12F","LTR12F","ERV1","LTR_or_other",143058930,143059402,"+","upstream","increases_with_age","promoter_ERV",24
"ENSG00000133740.11","midnightblue",0.713269405260272,4.39008330131783e-128,0.157484440429917,6.02398041191405e-06,0.713269405260272,0.157484440429917,9,"E2F5",FALSE,"protein_coding","chr8",85177154,85217158,"+",85177154,40005,TRUE,1,TRUE,"ERVL-MaLR",1708,-1708,"chr8_85175097_85175445_MLT1A","MLT1A","ERVL-MaLR","LTR_or_other",85175097,85175445,"+","upstream","increases_with_age","promoter_ERV",25
"ENSG00000145623.13","pink",0.873798813472658,1.02149551555802e-257,0.145147195929175,3.08567710428483e-05,0.873798813472658,0.145147195929175,4,"OSMR",FALSE,"protein_coding","chr5",38845858,38945490,"+",38845858,99633,TRUE,1,TRUE,"ERVL-MaLR",1796,-1796,"chr5_38843659_38844061_MLT1C","MLT1C","ERVL-MaLR","LTR_or_other",38843659,38844061,"-","upstream","increases_with_age","promoter_ERV",26
"ENSG00000246465.1","blue",0.861198988248248,4.81208209912981e-242,0.12734206060401,0.00026083762803907,0.861198988248248,0.12734206060401,29,"ENSG00000246465",FALSE,"lncRNA","chr16",28284885,28287067,"-",28287067,2183,TRUE,2,TRUE,"ERVL",892,-892,"chr16_28287960_28288392_LTR16B2","LTR16B2","ERVL","LTR_or_other",28287960,28288392,"-","upstream","increases_with_age","promoter_ERV",27
"ENSG00000179915.25","darkgreen",0.733930936161109,3.18077760346741e-139,0.121830963757736,0.000479169711809117,0.733930936161109,0.121830963757736,26,"NRXN1",FALSE,"protein_coding","chr2",49918503,51225575,"-",51225575,1307073,TRUE,2,TRUE,"ERVL",17,-17,"chr2_51225593_51225757_ERV3-16A3_I-int","ERV3-16A3_I-int","ERVL","internal",51225593,51225757,"-","upstream","increases_with_age","promoter_ERV",28
"ENSG00000097046.13","pink",0.786200727948064,9.55403074915573e-173,0.107273761321433,0.00212428709283089,0.786200727948064,0.107273761321433,29,"CDC7",FALSE,"protein_coding","chr1",91500851,91525764,"+",91500851,24914,TRUE,1,TRUE,"ERV1",1261,-1261,"chr1_91498984_91499589_MER90a","MER90a","ERV1","LTR_or_other",91498984,91499589,"-","upstream","increases_with_age","promoter_ERV",29
"ENSG00000285564.2","blue",0.874341115821784,1.98236970772552e-258,0.105069608305409,0.00262281105363079,0.874341115821784,0.105069608305409,17,"ENSG00000285564",FALSE,"lncRNA","chr6",163338363,163346744,"-",163346744,8382,TRUE,1,TRUE,"ERVL-MaLR",1360,-1360,"chr6_163348105_163348568_MLT1D","MLT1D","ERVL-MaLR","LTR_or_other",163348105,163348568,"+","upstream","increases_with_age","promoter_ERV",30
"ENSG00000071991.9","darkgreen",0.809411599667837,7.8004234885017e-191,0.0996733087817856,0.00432438556535643,0.809411599667837,0.0996733087817856,13,"CDH19",FALSE,"protein_coding","chr18",66501083,66604138,"-",66604138,103056,TRUE,1,TRUE,"ERV1",808,-808,"chr18_66604947_66605002_MER4-int","MER4-int","ERV1","internal",66604947,66605002,"-","upstream","increases_with_age","promoter_ERV",31
"ENSG00000122477.13","blue",0.875744642156014,2.74706897751181e-260,0.0795547966607825,0.0228789033983589,0.875744642156014,0.0795547966607825,16,"LRRC39",FALSE,"protein_coding","chr1",100148448,100178273,"-",100178273,29826,TRUE,1,TRUE,"ERVL-MaLR",1811,-1811,"chr1_100180085_100180244_MLT1N2","MLT1N2","ERVL-MaLR","LTR_or_other",100180085,100180244,"+","upstream","increases_with_age","promoter_ERV",32
"ENSG00000105695.15","darkgreen",0.727069968459703,2.06683958512807e-135,0.010156928008427,0.771771482039567,0.727069968459703,0.010156928008427,29,"MAG",FALSE,"protein_coding","chr19",35292125,35313807,"+",35292125,21683,TRUE,1,TRUE,"ERVL-MaLR",1725,-1725,"chr19_35290333_35290399_MLT1B","MLT1B","ERVL-MaLR","LTR_or_other",35290333,35290399,"+","upstream","increases_with_age","promoter_ERV",33
"ENSG00000168000.16","red",0.842055862327795,5.66730955884762e-221,-0.32331731435471,2.33299664871913e-21,0.842055862327795,0.32331731435471,3,"BSCL2",TRUE,"protein_coding","chr11",62689289,62709845,"-",62709845,20557,TRUE,0,FALSE,NA,9815,-9815,"chr11_62719661_62720017_MSTD","MSTD","ERVL-MaLR","LTR_or_other",62719661,62720017,"+","upstream","decreases_with_age","GenAge_without_promoter_ERV",34
"ENSG00000140464.20","pink",0.830825525084923,7.02727422042016e-210,0.233475522950098,1.37035179559148e-11,0.830825525084923,0.233475522950098,12,"PML",TRUE,"protein_coding","chr15",73994673,74047827,"+",73994673,53155,TRUE,0,FALSE,NA,1555,1555,"chr15_73996229_73996770_MER34C2","MER34C2","ERV1","LTR_or_other",73996229,73996770,"-","downstream","increases_with_age","GenAge_without_promoter_ERV",35
"ENSG00000160307.10","darkgreen",0.737580535892981,2.66459641520397e-141,0.0890650830356492,0.0108188958988855,0.737580535892981,0.0890650830356492,24,"S100B",TRUE,"protein_coding","chr21",46598604,46605208,"-",46605208,6605,TRUE,0,FALSE,NA,2010,-2010,"chr21_46607219_46607590_ERVL-B4-int","ERVL-B4-int","ERVL","internal",46607219,46607590,"+","upstream","increases_with_age","GenAge_without_promoter_ERV",36
"ENSG00000226005.6","greenyellow",0.712294292909934,1.39238064276393e-127,0.3922216069798,1.78088972171752e-31,0.712294292909934,0.3922216069798,24,"LINC02660",FALSE,"lncRNA","chr10",3911889,3941506,"+",3911889,29618,TRUE,0,FALSE,NA,3979,-3979,"chr10_3907395_3907909_MLT1F2","MLT1F2","ERVL-MaLR","LTR_or_other",3907395,3907909,"+","upstream","increases_with_age","other_hub",37
"ENSG00000167992.14","greenyellow",0.741367969935658,1.71088685142596e-143,0.371684306273727,3.37927672983232e-28,0.741367969935658,0.371684306273727,14,"VWCE",FALSE,"protein_coding","chr11",61258286,61295316,"-",61295316,37031,TRUE,0,FALSE,NA,10140,10140,"chr11_61284973_61285175_MLT1A","MLT1A","ERVL-MaLR","LTR_or_other",61284973,61285175,"+","downstream","increases_with_age","other_hub",38
"ENSG00000164077.15","red",0.855685252326261,1.15341718741094e-235,-0.365131503853538,3.35969321162778e-27,0.855685252326261,0.365131503853538,1,"MON1A",FALSE,"protein_coding","chr3",49907160,49930173,"-",49930173,23014,TRUE,0,FALSE,NA,5084,5084,"chr3_49924701_49925088_MLT1F","MLT1F","ERVL-MaLR","LTR_or_other",49924701,49925088,"+","downstream","decreases_with_age","other_hub",39
"ENSG00000137309.20","red",0.782798292252025,2.7661692275569e-170,-0.350593495837069,4.55296304775241e-25,0.782798292252025,0.350593495837069,21,"HMGA1",FALSE,"protein_coding","chr6",34236873,34246231,"+",34236873,9359,TRUE,0,FALSE,NA,4858,-4858,"chr6_34231948_34232014_LTR67B","LTR67B","ERVL","LTR_or_other",34231948,34232014,"-","upstream","decreases_with_age","other_hub",40
"ENSG00000196182.11","red",0.849018504913765,2.68999154993754e-228,-0.347471820845285,1.26413967893366e-24,0.849018504913765,0.347471820845285,2,"STK40",FALSE,"protein_coding","chr1",36339624,36385924,"-",36385924,46301,TRUE,0,FALSE,NA,12423,-12423,"chr1_36398348_36398373_LTR54","LTR54","ERV1","LTR_or_other",36398348,36398373,"+","upstream","decreases_with_age","other_hub",41
"ENSG00000159461.15","red",0.822654727713528,2.60790658426143e-202,-0.338535050639144,2.20838768680363e-23,0.822654727713528,0.338535050639144,6,"AMFR",FALSE,"protein_coding","chr16",56361452,56425545,"-",56425545,64094,TRUE,0,FALSE,NA,12011,-12011,"chr16_56437557_56437632_LTR16E1","LTR16E1","ERVL","LTR_or_other",56437557,56437632,"+","upstream","decreases_with_age","other_hub",42
"ENSG00000115216.14","red",0.812840998659954,1.01957939969233e-193,-0.338100573982726,2.53189684351754e-23,0.812840998659954,0.338100573982726,9,"NRBP1",FALSE,"protein_coding","chr2",27427790,27442259,"+",27427790,14470,TRUE,0,FALSE,NA,7359,-7359,"chr2_27420237_27420430_MLT1D","MLT1D","ERVL-MaLR","LTR_or_other",27420237,27420430,"-","upstream","decreases_with_age","other_hub",43
"ENSG00000143443.10","red",0.7944202587114,6.96032022745308e-179,-0.337786915552492,2.79414145135295e-23,0.7944202587114,0.337786915552492,14,"C1orf56",FALSE,"protein_coding","chr1",151047751,151050970,"+",151047751,3220,TRUE,0,FALSE,NA,25855,25855,"chr1_151073607_151073640_MER41A","MER41A","ERV1","LTR_or_other",151073607,151073640,"-","downstream","decreases_with_age","other_hub",44
"ENSG00000196072.12","red",0.810130912168687,1.95948852564069e-191,-0.330966098607548,2.31703634780243e-22,0.810130912168687,0.330966098607548,10,"BLOC1S2",FALSE,"protein_coding","chr10",100273280,100286680,"-",100286680,13401,TRUE,0,FALSE,NA,2466,-2466,"chr10_100289147_100289270_MLT1A0","MLT1A0","ERVL-MaLR","LTR_or_other",100289147,100289270,"+","upstream","decreases_with_age","other_hub",45
"ENSG00000229152.2","greenyellow",0.73523184777,5.83680774556601e-140,0.322680355937556,2.8193821437615e-21,0.73523184777,0.322680355937556,18,"ANKRD10-IT1",FALSE,"lncRNA","chr13",110894639,110899172,"-",110899172,4534,TRUE,0,FALSE,NA,18189,-18189,"chr13_110917362_110917917_MER41A","MER41A","ERV1","LTR_or_other",110917362,110917917,"+","upstream","increases_with_age","other_hub",46
"ENSG00000131408.15","red",0.776544055711363,7.12439067651296e-166,-0.321688365336486,3.78305382728152e-21,0.776544055711363,0.321688365336486,23,"NR1H2",FALSE,"protein_coding","chr19",50329653,50383388,"+",50329653,53736,TRUE,0,FALSE,NA,9496,9496,"chr19_50339150_50339407_LTR40b","LTR40b","ERVL","LTR_or_other",50339150,50339407,"+","downstream","decreases_with_age","other_hub",47
"ENSG00000115233.12","red",0.775019830543248,8.05482296241682e-165,-0.321600842844236,3.88226844534291e-21,0.775019830543248,0.321600842844236,24,"PSMD14",FALSE,"protein_coding","chr2",161308425,161411717,"+",161308425,103293,TRUE,0,FALSE,NA,3920,-3920,"chr2_161304487_161304504_MER101","MER101","ERV1","LTR_or_other",161304487,161304504,"+","upstream","decreases_with_age","other_hub",48
"ENSG00000138834.15","greenyellow",0.789337404736131,4.68257039703147e-175,0.319714101082891,6.76950188275717e-21,0.789337404736131,0.319714101082891,6,"MAPK8IP3",FALSE,"protein_coding","chr16",1706166,1770319,"+",1706166,64154,TRUE,0,FALSE,NA,15642,-15642,"chr16_1690335_1690523_LTR24","LTR24","ERV1","LTR_or_other",1690335,1690523,"+","upstream","increases_with_age","other_hub",49
"ENSG00000100031.19","greenyellow",0.709415299130616,4.0891615288829e-126,0.318140983495448,1.07295360172744e-20,0.709415299130616,0.318140983495448,27,"GGT1",FALSE,"protein_coding","chr22",24594811,24629005,"+",24594811,34195,TRUE,0,FALSE,NA,1407,1407,"chr22_24596219_24596461_MLT1C","MLT1C","ERVL-MaLR","LTR_or_other",24596219,24596461,"-","downstream","increases_with_age","other_hub",50
"ENSG00000213903.9","greenyellow",0.888690328216118,1.43246141206272e-278,0.316660153159902,1.65115303499224e-20,0.888690328216118,0.316660153159902,1,"LTB4R",FALSE,"protein_coding","chr14",24313311,24318036,"+",24313311,4726,TRUE,0,FALSE,NA,3940,-3940,"chr14_24309148_24309370_LTR16E1","LTR16E1","ERVL","LTR_or_other",24309148,24309370,"+","upstream","increases_with_age","other_hub",51
"ENSG00000127415.13","greenyellow",0.760869863996727,2.01273917826845e-155,0.312462562270084,5.53049973110178e-20,0.760869863996727,0.312462562270084,10,"IDUA",FALSE,"protein_coding","chr4",986997,1004564,"+",986997,17568,TRUE,0,FALSE,NA,3249,-3249,"chr4_983209_983747_MER39B","MER39B","ERV1","LTR_or_other",983209,983747,"+","upstream","increases_with_age","other_hub",52
"ENSG00000110025.13","red",0.794322194517366,8.26992727183142e-179,-0.310674255330383,9.20200427590556e-20,0.794322194517366,0.310674255330383,15,"SNX15",FALSE,"protein_coding","chr11",65027439,65040572,"+",65027439,13134,TRUE,0,FALSE,NA,2910,-2910,"chr11_65024329_65024528_LTR5B","LTR5B","ERVK","LTR_or_other",65024329,65024528,"-","upstream","decreases_with_age","other_hub",53
"ENSG00000204070.10","red",0.790253146539313,9.74352945490215e-176,-0.30906814668776,1.44939206923103e-19,0.790253146539313,0.30906814668776,19,"SYS1",FALSE,"protein_coding","chr20",45361937,45376798,"+",45361937,14862,TRUE,0,FALSE,NA,6012,-6012,"chr20_45355874_45355924_MLT1H","MLT1H","ERVL-MaLR","LTR_or_other",45355874,45355924,"+","upstream","decreases_with_age","other_hub",54
"ENSG00000160781.17","greenyellow",0.789742726269373,2.33961077449166e-175,0.307971881862338,1.97315090909419e-19,0.789742726269373,0.307971881862338,5,"PAQR6",FALSE,"protein_coding","chr1",156243320,156248117,"-",156248117,4798,TRUE,0,FALSE,NA,9803,-9803,"chr1_156257921_156257964_LTR25","LTR25","ERV1","LTR_or_other",156257921,156257964,"+","upstream","increases_with_age","other_hub",55
"ENSG00000103269.14","greenyellow",0.724494090769799,5.21003212781298e-134,0.307678739660999,2.14234572688408e-19,0.724494090769799,0.307678739660999,22,"RHBDL1",FALSE,"protein_coding","chr16",675671,678268,"+",675671,2598,TRUE,0,FALSE,NA,35220,-35220,"chr16_640363_640450_PABL_A","PABL_A","ERV1","LTR_or_other",640363,640450,"-","upstream","increases_with_age","other_hub",56
"ENSG00000079999.14","red",0.793512012565789,3.42390612092922e-178,-0.307443415164757,2.28845623546422e-19,0.793512012565789,0.307443415164757,17,"KEAP1",FALSE,"protein_coding","chr19",10486125,10503558,"-",10503558,17434,TRUE,0,FALSE,NA,3878,-3878,"chr19_10507437_10507624_MLT1A","MLT1A","ERVL-MaLR","LTR_or_other",10507437,10507624,"+","upstream","decreases_with_age","other_hub",57
"ENSG00000166033.13","turquoise",0.887532482772471,7.61419363888073e-277,0.30438340806872,5.36746267682312e-19,0.887532482772471,0.30438340806872,1,"HTRA1",FALSE,"protein_coding","chr10",122461553,122514907,"+",122461553,53355,TRUE,0,FALSE,NA,5271,-5271,"chr10_122456237_122456281_MER57B1","MER57B1","ERV1","LTR_or_other",122456237,122456281,"+","upstream","increases_with_age","other_hub",58
"ENSG00000127586.17","greenyellow",0.726038817992057,7.5557886619589e-135,0.30160060866659,1.15522730041364e-18,0.726038817992057,0.30160060866659,21,"CHTF18",FALSE,"protein_coding","chr16",788046,800737,"+",788046,12692,TRUE,0,FALSE,NA,9984,-9984,"chr16_777756_778061_MER4D","MER4D","ERV1","LTR_or_other",777756,778061,"+","upstream","increases_with_age","other_hub",59
"ENSG00000258559.2","midnightblue",0.781052404004599,4.87337311731289e-169,0.297926362281176,3.13843233863535e-18,0.781052404004599,0.297926362281176,4,"ENSG00000258559",FALSE,"lncRNA","chr14",74289127,74294425,"-",74294425,5299,TRUE,0,FALSE,NA,3150,3150,"chr14_74290972_74291274_MLT1B","MLT1B","ERVL-MaLR","LTR_or_other",74290972,74291274,"+","downstream","increases_with_age","other_hub",60
"ENSG00000204410.16","greenyellow",0.799085901683392,1.70801665128809e-182,0.29775185006286,3.2898290728677e-18,0.799085901683392,0.29775185006286,2,"MSH5",FALSE,"protein_coding","chr6",31739677,31762676,"+",31739677,23000,TRUE,0,FALSE,NA,2032,2032,"chr6_31741710_31742153_MSTB1","MSTB1","ERVL-MaLR","LTR_or_other",31741710,31742153,"-","downstream","increases_with_age","other_hub",61
"ENSG00000204560.10","red",0.823277353345095,7.1334756041836e-203,-0.297024149737693,4.00259003070904e-18,0.823277353345095,0.297024149737693,5,"DHX16",FALSE,"protein_coding","chr6",30653211,30673006,"-",30673006,19796,TRUE,0,FALSE,NA,18869,-18869,"chr6_30691876_30691908_LTR33","LTR33","ERVL","LTR_or_other",30691876,30691908,"+","upstream","decreases_with_age","other_hub",62
"ENSG00000125817.8","red",0.796276712018753,2.61498912112041e-180,-0.296710739148461,4.35458474486079e-18,0.796276712018753,0.296710739148461,13,"CENPB",FALSE,"protein_coding","chr20",3783851,3786740,"-",3786740,2890,TRUE,0,FALSE,NA,10525,10525,"chr20_3775839_3776214_MLT1E1","MLT1E1","ERVL-MaLR","LTR_or_other",3775839,3776214,"+","downstream","decreases_with_age","other_hub",63
"ENSG00000164056.11","pink",0.795135219453682,1.97477028532811e-179,0.286884642716122,5.80606381729213e-17,0.795135219453682,0.286884642716122,26,"SPRY1",FALSE,"protein_coding","chr4",123396795,123403760,"+",123396795,6966,TRUE,0,FALSE,NA,8566,-8566,"chr4_123388158_123388228_MLT1M","MLT1M","ERVL-MaLR","LTR_or_other",123388158,123388228,"-","upstream","increases_with_age","other_hub",64
"ENSG00000167615.17","greenyellow",0.727519939567509,1.17172798877161e-135,0.285125171466268,9.13478004794633e-17,0.727519939567509,0.285125171466268,20,"LENG8",FALSE,"protein_coding","chr19",54449612,54461731,"+",54449612,12120,TRUE,0,FALSE,NA,3683,-3683,"chr19_54445881_54445928_MLT1A0","MLT1A0","ERVL-MaLR","LTR_or_other",54445881,54445928,"-","upstream","increases_with_age","other_hub",65
"ENSG00000140688.17","greenyellow",0.79551634473466,1.0068716859826e-179,0.284997183241554,9.43975430082151e-17,0.79551634473466,0.284997183241554,3,"RUSF1",FALSE,"protein_coding","chr16",31489471,31509167,"-",31509167,19697,TRUE,0,FALSE,NA,3506,-3506,"chr16_31512674_31512752_LTR3B_","LTR3B_","ERVK","LTR_or_other",31512674,31512752,"-","upstream","increases_with_age","other_hub",66
"ENSG00000184441.4","greenyellow",0.769114031351228,8.13166451244929e-161,0.282411238071631,1.82623619006237e-16,0.769114031351228,0.282411238071631,8,"ENSG00000184441",FALSE,"lncRNA","chr21",44331234,44335851,"+",44331234,4618,TRUE,0,FALSE,NA,8628,8628,"chr21_44339863_44340066_LTR8A","LTR8A","ERV1","LTR_or_other",44339863,44340066,"+","downstream","increases_with_age","other_hub",67
"ENSG00000244560.7","greenyellow",0.747548551835538,3.7291345780293e-147,0.281452862236874,2.32815850202245e-16,0.747548551835538,0.281452862236874,13,"ENSG00000244560",FALSE,"transcribed_unprocessed_pseudogene","chr7",149285281,149297312,"+",149285281,12032,TRUE,0,FALSE,NA,5519,-5519,"chr7_149279739_149279761_LTR5","LTR5","ERVK","LTR_or_other",149279739,149279761,"-","upstream","increases_with_age","other_hub",68
"ENSG00000175166.17","red",0.799568932112739,7.13322801995567e-183,-0.278637407309185,4.72548270562436e-16,0.799568932112739,0.278637407309185,12,"PSMD2",FALSE,"protein_coding","chr3",184299198,184309050,"+",184299198,9853,TRUE,0,FALSE,NA,27986,-27986,"chr3_184270925_184271211_MLT1H2","MLT1H2","ERVL-MaLR","LTR_or_other",184270925,184271211,"+","upstream","decreases_with_age","other_hub",69
"ENSG00000163257.11","greenyellow",0.763457672264191,4.31073706695747e-157,0.278633277082324,4.73036431567516e-16,0.763457672264191,0.278633277082324,9,"DCAF16",FALSE,"protein_coding","chr4",17800655,17810758,"-",17810758,10104,TRUE,0,FALSE,NA,612,612,"chr4_17809628_17810145_MER34C2","MER34C2","ERV1","LTR_or_other",17809628,17810145,"-","downstream","increases_with_age","other_hub",70
"ENSG00000170919.16","greenyellow",0.792252435253589,3.07831627211352e-177,0.278580021432576,4.79375448636444e-16,0.792252435253589,0.278580021432576,4,"TPT1-AS1",FALSE,"lncRNA","chr13",45341345,45417975,"+",45341345,76631,TRUE,0,FALSE,NA,9646,9646,"chr13_45350992_45351127_LTR79","LTR79","ERVL","LTR_or_other",45350992,45351127,"-","downstream","increases_with_age","other_hub",71
"ENSG00000106333.13","turquoise",0.840419732119867,2.64753700011408e-219,0.276585874098521,7.87493254612879e-16,0.840419732119867,0.276585874098521,24,"PCOLCE",FALSE,"protein_coding","chr7",100603430,100608175,"+",100603430,4746,TRUE,0,FALSE,NA,10853,-10853,"chr7_100592272_100592576_THE1D","THE1D","ERVL-MaLR","LTR_or_other",100592272,100592576,"-","upstream","increases_with_age","other_hub",72
"ENSG00000203761.5","greenyellow",0.736740242908939,8.07037598168786e-141,0.276331577814602,8.38706901148186e-16,0.736740242908939,0.276331577814602,17,"MSTO2P",FALSE,"unprocessed_pseudogene","chr1",155745829,155749631,"+",155745829,3803,TRUE,0,FALSE,NA,22693,-22693,"chr1_155723075_155723135_MER66C","MER66C","ERV1","LTR_or_other",155723075,155723135,"-","upstream","increases_with_age","other_hub",73
"ENSG00000116809.12","red",0.793861457571298,1.856653801945e-178,-0.275975880590784,9.15876315946253e-16,0.793861457571298,0.275975880590784,16,"ZBTB17",FALSE,"protein_coding","chr1",15941869,15976132,"-",15976132,34264,TRUE,0,FALSE,NA,3335,3335,"chr1_15972540_15972796_MLT1J","MLT1J","ERVL-MaLR","LTR_or_other",15972540,15972796,"+","downstream","decreases_with_age","other_hub",74
"ENSG00000227782.2","midnightblue",0.791187781704866,1.94693738144592e-176,0.274480582055811,1.32411313508029e-15,0.791187781704866,0.274480582055811,3,"ENSG00000227782",FALSE,"lncRNA","chr17",16040495,16041273,"+",16040495,779,TRUE,0,FALSE,NA,26169,-26169,"chr17_16013864_16014325_MLT1L","MLT1L","ERVL-MaLR","LTR_or_other",16013864,16014325,"-","upstream","increases_with_age","other_hub",75
"ENSG00000105171.10","red",0.766878697522235,2.48114408241509e-159,-0.27401893961655,1.48303005799788e-15,0.766878697522235,0.27401893961655,28,"POP4",FALSE,"protein_coding","chr19",29606283,29617237,"+",29606283,10955,TRUE,0,FALSE,NA,2683,-2683,"chr19_29603377_29603599_MER50","MER50","ERV1","LTR_or_other",29603377,29603599,"-","upstream","decreases_with_age","other_hub",76
"ENSG00000174516.15","red",0.820835652416531,1.11831484781394e-200,-0.271654124380114,2.64143987148101e-15,0.820835652416531,0.271654124380114,7,"PELI3",FALSE,"protein_coding","chr11",66466745,66477337,"+",66466745,10593,TRUE,0,FALSE,NA,3531,-3531,"chr11_66462676_66463213_MLT1F-int","MLT1F-int","ERVL-MaLR","internal",66462676,66463213,"+","upstream","decreases_with_age","other_hub",77
"ENSG00000138119.17","turquoise",0.841986305833411,6.67940266535172e-221,0.270758788139936,3.28181386238134e-15,0.841986305833411,0.270758788139936,21,"MYOF",FALSE,"protein_coding","chr10",93306429,93482334,"-",93482334,175906,TRUE,0,FALSE,NA,6965,-6965,"chr10_93489300_93489708_LTR16A","LTR16A","ERVL","LTR_or_other",93489300,93489708,"+","upstream","increases_with_age","other_hub",78
"ENSG00000115252.18","turquoise",0.837383025801437,2.96460466041259e-216,0.270050437625859,3.89448661707591e-15,0.837383025801437,0.270050437625859,26,"PDE1A",FALSE,"protein_coding","chr2",182140036,182523192,"-",182523192,383157,TRUE,0,FALSE,NA,2243,-2243,"chr2_182525436_182525753_MSTA","MSTA","ERVL-MaLR","LTR_or_other",182525436,182525753,"+","upstream","increases_with_age","other_hub",79
"ENSG00000204315.4","red",0.772063147701797,8.42939138891264e-163,-0.266891851310128,8.30340568603761e-15,0.772063147701797,0.266891851310128,25,"FKBPL",FALSE,"protein_coding","chr6",32128707,32130288,"-",32130288,1582,TRUE,0,FALSE,NA,6399,6399,"chr6_32123744_32123888_LTR33","LTR33","ERVL","LTR_or_other",32123744,32123888,"+","downstream","decreases_with_age","other_hub",80
"ENSG00000265194.1","midnightblue",0.711197660974107,5.07008406650497e-127,0.264570690496937,1.43920309257328e-14,0.711197660974107,0.264570690496937,12,"ENSG00000265194",FALSE,"lncRNA","chr9",21858910,21861926,"-",21861926,3017,TRUE,0,FALSE,NA,2704,2704,"chr9_21858862_21859221_MLT1A0","MLT1A0","ERVL-MaLR","LTR_or_other",21858862,21859221,"-","downstream","increases_with_age","other_hub",81
"ENSG00000260261.2","greenyellow",0.752839118801758,2.24567008993626e-150,0.264148245927618,1.5898051241063e-14,0.752839118801758,0.264148245927618,12,"ENSG00000260261",FALSE,"transcribed_unprocessed_pseudogene","chr3",195913078,195954485,"-",195954485,41408,TRUE,0,FALSE,NA,4313,-4313,"chr3_195958799_195958933_LTR16C","LTR16C","ERVL","LTR_or_other",195958799,195958933,"+","upstream","increases_with_age","other_hub",82
"ENSG00000279744.1","midnightblue",0.696354643162743,1.12448644676247e-119,0.262306068227034,2.44862513460074e-14,0.696354643162743,0.262306068227034,16,"ENSG00000279744",FALSE,"TEC","chr17",82462601,82464255,"+",82462601,1655,TRUE,0,FALSE,NA,2343,2343,"chr17_82464945_82465308_MSTA","MSTA","ERVL-MaLR","LTR_or_other",82464945,82465308,"-","downstream","increases_with_age","other_hub",83
"ENSG00000272078.1","midnightblue",0.710964198779117,6.67054854594261e-127,0.261089907712845,3.25053596469966e-14,0.710964198779117,0.261089907712845,13,"ENSG00000272078",FALSE,"lncRNA","chr1",10640060,10654333,"+",10640060,14274,TRUE,0,FALSE,NA,33581,-33581,"chr1_10606071_10606478_MLT1J","MLT1J","ERVL-MaLR","LTR_or_other",10606071,10606478,"-","upstream","increases_with_age","other_hub",84
"ENSG00000279700.1","midnightblue",0.70631138319163,1.49333764400095e-124,0.260759023601077,3.51009322296122e-14,0.70631138319163,0.260759023601077,14,"ENSG00000279700",FALSE,"TEC","chr12",132565071,132566425,"+",132565071,1355,TRUE,0,FALSE,NA,994,994,"chr12_132566066_132566387_MLT1A0","MLT1A0","ERVL-MaLR","LTR_or_other",132566066,132566387,"-","downstream","increases_with_age","other_hub",85
"ENSG00000155254.13","turquoise",0.879774763081536,9.43690748978631e-266,0.260156877156268,4.0356497641311e-14,0.879774763081536,0.260156877156268,3,"MARVELD1",FALSE,"protein_coding","chr10",97713173,97718150,"+",97713173,4978,TRUE,0,FALSE,NA,3938,-3938,"chr10_97709045_97709234_LTR40c","LTR40c","ERVL","LTR_or_other",97709045,97709234,"-","upstream","increases_with_age","other_hub",86
"ENSG00000261123.1","midnightblue",0.667177741742389,1.78781170808205e-106,0.2596579834346,4.5289743057726e-14,0.667177741742389,0.2596579834346,25,"ENSG00000261123",FALSE,"lncRNA","chr16",2095018,2097026,"-",2097026,2009,TRUE,0,FALSE,NA,15836,15836,"chr16_2080905_2081189_MLT1B","MLT1B","ERVL-MaLR","LTR_or_other",2080905,2081189,"-","downstream","increases_with_age","other_hub",87
"ENSG00000135318.12","turquoise",0.854002432720405,9.04317499471189e-234,0.254653036776847,1.42093998000308e-13,0.854002432720405,0.254653036776847,9,"NT5E",FALSE,"protein_coding","chr6",85449584,85495791,"+",85449584,46208,TRUE,0,FALSE,NA,5539,5539,"chr6_85455124_85455908_MER21C","MER21C","ERVL","LTR_or_other",85455124,85455908,"+","downstream","increases_with_age","other_hub",88
"ENSG00000110811.20","turquoise",0.870112212710686,5.80895862164377e-253,0.253255453253079,1.94684910060444e-13,0.870112212710686,0.253255453253079,4,"P3H3",FALSE,"protein_coding","chr12",6828407,6839847,"+",6828407,11441,TRUE,0,FALSE,NA,28442,-28442,"chr12_6799781_6799964_MER51D","MER51D","ERV1","LTR_or_other",6799781,6799964,"-","upstream","increases_with_age","other_hub",89
"ENSG00000092096.19","turquoise",0.84743081201096,1.3549917972079e-226,0.25232784874448,2.3968590664599e-13,0.84743081201096,0.25232784874448,13,"SLC22A17",FALSE,"protein_coding","chr14",23346314,23352912,"-",23352912,6599,TRUE,0,FALSE,NA,7675,7675,"chr14_23344651_23345236_MER4B","MER4B","ERV1","LTR_or_other",23344651,23345236,"+","downstream","increases_with_age","other_hub",90
"ENSG00000116032.5","greenyellow",0.713493549600411,3.36470964396146e-128,0.250812251749198,3.36058099385549e-13,0.713493549600411,0.250812251749198,23,"GRIN3B",FALSE,"protein_coding","chr19",1000419,1009647,"+",1000419,9229,TRUE,0,FALSE,NA,11433,-11433,"chr19_988715_988985_MLT1C","MLT1C","ERVL-MaLR","LTR_or_other",988715,988985,"-","upstream","increases_with_age","other_hub",91
"ENSG00000160293.17","turquoise",0.844959242851852,5.53908256615794e-224,0.250394025235599,3.68760815771696e-13,0.844959242851852,0.250394025235599,17,"VAV2",FALSE,"protein_coding","chr9",133761894,133992604,"-",133992604,230711,TRUE,0,FALSE,NA,12704,-12704,"chr9_134005309_134005829_HERV16-int","HERV16-int","ERVL","internal",134005309,134005829,"+","upstream","increases_with_age","other_hub",92
"ENSG00000134247.10","turquoise",0.847338944830387,1.69759287681818e-226,0.247484607968774,7.00266609828294e-13,0.847338944830387,0.247484607968774,14,"PTGFRN",FALSE,"protein_coding","chr1",116909916,116990353,"+",116909916,80438,TRUE,0,FALSE,NA,4082,4082,"chr1_116913999_116914429_MLT1J1","MLT1J1","ERVL-MaLR","LTR_or_other",116913999,116914429,"-","downstream","increases_with_age","other_hub",93
"ENSG00000286186.1","midnightblue",0.700115324507628,1.70909112076645e-121,0.244991131169385,1.20540092326528e-12,0.700115324507628,0.244991131169385,15,"ENSG00000286186",FALSE,"lncRNA","chr18",79460378,79465843,"-",79465843,5466,TRUE,0,FALSE,NA,11823,-11823,"chr18_79477667_79478029_MLT1A","MLT1A","ERVL-MaLR","LTR_or_other",79477667,79478029,"-","upstream","increases_with_age","other_hub",94
"ENSG00000082512.15","turquoise",0.847307053781856,1.83570398656613e-226,0.244955772750921,1.21466767020045e-12,0.847307053781856,0.244955772750921,15,"TRAF5",FALSE,"protein_coding","chr1",211326615,211374946,"+",211326615,48332,TRUE,0,FALSE,NA,7340,7340,"chr1_211333956_211334376_MER68","MER68","ERVL","LTR_or_other",211333956,211334376,"-","downstream","increases_with_age","other_hub",95
"ENSG00000246451.2","midnightblue",0.712196819833399,1.56225397681102e-127,0.244924520727226,1.22291627704168e-12,0.712196819833399,0.244924520727226,10,"ENSG00000246451",FALSE,"lncRNA","chr14",103682362,103684015,"-",103684015,1654,TRUE,0,FALSE,NA,18704,-18704,"chr14_103702720_103703132_MER31A","MER31A","ERV1","LTR_or_other",103702720,103703132,"+","upstream","increases_with_age","other_hub",96
"ENSG00000142156.16","turquoise",0.857367370992831,1.39385329849346e-237,0.244314877896316,1.39524951443756e-12,0.857367370992831,0.244314877896316,6,"COL6A1",FALSE,"protein_coding","chr21",45981770,46005048,"+",45981770,23279,TRUE,0,FALSE,NA,5063,-5063,"chr21_45975636_45976706_MER11C","MER11C","ERVK","LTR_or_other",45975636,45976706,"-","upstream","increases_with_age","other_hub",97
"ENSG00000070010.19","red",0.792970729568532,8.81479233504138e-178,-0.243584337926498,1.63326433719709e-12,0.792970729568532,0.243584337926498,18,"UFD1",FALSE,"protein_coding","chr22",19450106,19479202,"-",19479202,29097,TRUE,0,FALSE,NA,8998,-8998,"chr22_19488201_19488373_MLT1G3","MLT1G3","ERVL-MaLR","LTR_or_other",19488201,19488373,"-","upstream","decreases_with_age","other_hub",98
"ENSG00000032444.17","red",0.764242015524225,1.33161464467171e-157,-0.242275878621317,2.16280758829867e-12,0.764242015524225,0.242275878621317,30,"PNPLA6",FALSE,"protein_coding","chr19",7534010,7561764,"+",7534010,27755,TRUE,0,FALSE,NA,18763,-18763,"chr19_7514931_7515246_MER90","MER90","ERV1","LTR_or_other",7514931,7515246,"-","upstream","decreases_with_age","other_hub",99
"ENSG00000108344.15","red",0.786639968241416,4.56147582905554e-173,-0.240520773033502,3.14405981240236e-12,0.786639968241416,0.240520773033502,20,"PSMD3",FALSE,"protein_coding","chr17",39980807,39997959,"+",39980807,17153,TRUE,0,FALSE,NA,12193,12193,"chr17_39993001_39993378_MLT1B","MLT1B","ERVL-MaLR","LTR_or_other",39993001,39993378,"-","downstream","decreases_with_age","other_hub",100
"ENSG00000155903.14","midnightblue",0.660343759764891,1.35037277207164e-103,0.240348528986189,3.26111905141394e-12,0.660343759764891,0.240348528986189,27,"RASA2",FALSE,"protein_coding","chr3",141487027,141615344,"+",141487027,128318,TRUE,0,FALSE,NA,5151,-5151,"chr3_141481705_141481875_MLT1L","MLT1L","ERVL-MaLR","LTR_or_other",141481705,141481875,"+","upstream","increases_with_age","other_hub",101
"ENSG00000135046.14","turquoise",0.843979743942765,5.83130459957249e-223,0.239922797461649,3.56905910780941e-12,0.843979743942765,0.239922797461649,19,"ANXA1",FALSE,"protein_coding","chr9",73151865,73170393,"+",73151865,18529,TRUE,0,FALSE,NA,6154,-6154,"chr9_73145494_73145710_MLT1B","MLT1B","ERVL-MaLR","LTR_or_other",73145494,73145710,"-","upstream","increases_with_age","other_hub",102
"ENSG00000174611.12","blue",0.92129856959509,0,0.238403168262003,4.91832061383638e-12,0.92129856959509,0.238403168262003,1,"KY",FALSE,"protein_coding","chr3",134599923,134651022,"-",134651022,51100,TRUE,0,FALSE,NA,2620,2620,"chr3_134647948_134648401_MLT1N2","MLT1N2","ERVL-MaLR","LTR_or_other",134647948,134648401,"+","downstream","increases_with_age","other_hub",103
"ENSG00000226696.7","greenyellow",0.737871313882742,1.81410172877742e-141,0.237420983121681,6.04390971277977e-12,0.737871313882742,0.237420983121681,16,"LENG8-AS1",FALSE,"lncRNA","chr19",54444807,54449430,"-",54449430,4624,TRUE,0,FALSE,NA,3501,3501,"chr19_54445881_54445928_MLT1A0","MLT1A0","ERVL-MaLR","LTR_or_other",54445881,54445928,"-","downstream","increases_with_age","other_hub",104
"ENSG00000162576.17","turquoise",0.844283449077211,2.81538221069873e-223,0.237398647326097,6.07223630700346e-12,0.844283449077211,0.237398647326097,18,"MXRA8",FALSE,"protein_coding","chr1",1352689,1361777,"-",1361777,9089,TRUE,0,FALSE,NA,3886,3886,"chr1_1357817_1357890_MER54A","MER54A","ERVL","LTR_or_other",1357817,1357890,"+","downstream","increases_with_age","other_hub",105
"ENSG00000035862.12","turquoise",0.880392673749621,1.31739273919943e-266,0.2366571811421,7.0899511229657e-12,0.880392673749621,0.2366571811421,2,"TIMP2",FALSE,"protein_coding","chr17",78852977,78925387,"-",78925387,72411,TRUE,0,FALSE,NA,2309,2309,"chr17_78922795_78923077_MLT1C","MLT1C","ERVL-MaLR","LTR_or_other",78922795,78923077,"+","downstream","increases_with_age","other_hub",106
"ENSG00000108474.17","greenyellow",0.786807365936996,3.43984366175401e-173,0.236193281345372,7.80963474760311e-12,0.786807365936996,0.236193281345372,7,"PIGL",FALSE,"protein_coding","chr17",16217209,16351797,"+",16217209,134589,TRUE,0,FALSE,NA,8632,8632,"chr17_16225842_16225897_MLT1G3","MLT1G3","ERVL-MaLR","LTR_or_other",16225842,16225897,"-","downstream","increases_with_age","other_hub",107
"ENSG00000281026.1","midnightblue",0.800384957786534,1.62289740969178e-183,0.232820016078177,1.56775099047697e-11,0.800384957786534,0.232820016078177,2,"N4BP2L2-IT2",FALSE,"lncRNA","chr13",32504506,32509395,"-",32509395,4890,TRUE,0,FALSE,NA,3036,3036,"chr13_32506018_32506358_MLT1B","MLT1B","ERVL-MaLR","LTR_or_other",32506018,32506358,"-","downstream","increases_with_age","other_hub",108
"ENSG00000188313.13","pink",0.872481633870773,5.30987356020308e-256,0.231039313276654,2.2550417998485e-11,0.872481633870773,0.231039313276654,5,"PLSCR1",FALSE,"protein_coding","chr3",146515180,146544856,"-",146544856,29677,TRUE,0,FALSE,NA,2241,2241,"chr3_146542509_146542614_MLT1A1","MLT1A1","ERVL-MaLR","LTR_or_other",146542509,146542614,"+","downstream","increases_with_age","other_hub",109
"ENSG00000127990.19","turquoise",0.860170664463314,7.81328283220746e-241,0.228323426812846,3.90343608115045e-11,0.860170664463314,0.228323426812846,5,"SGCE",FALSE,"protein_coding","chr7",94524204,94656210,"-",94656210,132007,TRUE,0,FALSE,NA,15486,-15486,"chr7_94671697_94672107_MSTB2","MSTB2","ERVL-MaLR","LTR_or_other",94671697,94672107,"-","upstream","increases_with_age","other_hub",110
"ENSG00000198925.12","red",0.770339163084615,1.22866162023238e-161,-0.228270189376807,3.94537279697771e-11,0.770339163084615,0.228270189376807,26,"ATG9A",FALSE,"protein_coding","chr2",219219380,219229717,"-",219229717,10338,TRUE,0,FALSE,NA,24628,24628,"chr2_219205049_219205088_MSTB","MSTB","ERVL-MaLR","LTR_or_other",219205049,219205088,"+","downstream","decreases_with_age","other_hub",111
"ENSG00000182511.12","pink",0.794518237795232,5.85842595960081e-179,0.227360648243782,4.73368003933862e-11,0.794518237795232,0.227360648243782,27,"FES",FALSE,"protein_coding","chr15",90883695,90895776,"+",90883695,12082,TRUE,0,FALSE,NA,15732,15732,"chr15_90899428_90899509_LTR75B","LTR75B","ERVL","LTR_or_other",90899428,90899509,"+","downstream","increases_with_age","other_hub",112
"ENSG00000141753.7","pink",0.845966240431316,4.84153964477422e-225,0.22718819144687,4.89960426408119e-11,0.845966240431316,0.22718819144687,9,"IGFBP4",FALSE,"protein_coding","chr17",40443450,40457725,"+",40443450,14276,TRUE,0,FALSE,NA,7756,-7756,"chr17_40435510_40435693_MSTD","MSTD","ERVL-MaLR","LTR_or_other",40435510,40435693,"-","upstream","increases_with_age","other_hub",113
"ENSG00000085998.15","red",0.766203068069669,6.91923298697973e-159,-0.226992721817358,5.09454069318801e-11,0.766203068069669,0.226992721817358,29,"POMGNT1",FALSE,"protein_coding","chr1",46188683,46203238,"-",46203238,14556,TRUE,0,FALSE,NA,7062,-7062,"chr1_46210301_46210778_MER21A","MER21A","ERVL","LTR_or_other",46210301,46210778,"-","upstream","decreases_with_age","other_hub",114
"ENSG00000100842.13","turquoise",0.835135773458538,4.87735273706079e-214,0.22688526611438,5.20490818036441e-11,0.835135773458538,0.22688526611438,28,"EFS",FALSE,"protein_coding","chr14",23356403,23365752,"-",23365752,9350,TRUE,0,FALSE,NA,20515,20515,"chr14_23344651_23345236_MER4B","MER4B","ERV1","LTR_or_other",23344651,23345236,"+","downstream","increases_with_age","other_hub",115
"ENSG00000050165.19","turquoise",0.835132614887983,4.91219443993229e-214,0.224885486069804,7.74073158515741e-11,0.835132614887983,0.224885486069804,29,"DKK3",FALSE,"protein_coding","chr11",11961888,12009769,"-",12009769,47882,TRUE,0,FALSE,NA,3236,-3236,"chr11_12013006_12013381_THE1B","THE1B","ERVL-MaLR","LTR_or_other",12013006,12013381,"+","upstream","increases_with_age","other_hub",116
"ENSG00000153815.18","pink",0.874843750101534,4.30782672894332e-259,0.22228746436686,1.28912395758861e-10,0.874843750101534,0.22228746436686,3,"CMIP",FALSE,"protein_coding","chr16",81444808,81711762,"+",81444808,266955,TRUE,0,FALSE,NA,6297,6297,"chr16_81451106_81451468_THE1B","THE1B","ERVL-MaLR","LTR_or_other",81451106,81451468,"+","downstream","increases_with_age","other_hub",117
"ENSG00000104853.16","red",0.78128735204486,3.31763904098227e-169,-0.222227526387197,1.30428620956438e-10,0.78128735204486,0.222227526387197,22,"CLPTM1",FALSE,"protein_coding","chr19",44954591,44993341,"+",44954591,38751,TRUE,0,FALSE,NA,4266,-4266,"chr19_44949975_44950324_MER51B","MER51B","ERV1","LTR_or_other",44949975,44950324,"-","upstream","decreases_with_age","other_hub",118
"ENSG00000108821.14","turquoise",0.856736831197645,7.34452450653403e-237,0.221048967014509,1.64033045516559e-10,0.856736831197645,0.221048967014509,7,"COL1A1",FALSE,"protein_coding","chr17",50184101,50201631,"-",50201631,17531,TRUE,0,FALSE,NA,14759,-14759,"chr17_50216391_50216813_ERV3-16A3_I-int","ERV3-16A3_I-int","ERVL","internal",50216391,50216813,"+","upstream","increases_with_age","other_hub",119
"ENSG00000132953.18","blue",0.896652855364101,5.57226030476166e-291,0.220676859608425,1.76298518659044e-10,0.896652855364101,0.220676859608425,3,"XPO4",FALSE,"protein_coding","chr13",20777329,20903048,"-",20903048,125720,TRUE,0,FALSE,NA,6066,-6066,"chr13_20909115_20909785_MER21C","MER21C","ERVL","LTR_or_other",20909115,20909785,"+","upstream","increases_with_age","other_hub",120
"ENSG00000121297.8","turquoise",0.852501547245035,4.2252588825367e-232,0.216664912101679,3.80509832306678e-10,0.852501547245035,0.216664912101679,11,"TSHZ3",FALSE,"protein_coding","chr19",31149979,31349436,"-",31349436,199458,TRUE,0,FALSE,NA,17430,-17430,"chr19_31366867_31367076_LTR33","LTR33","ERVL","LTR_or_other",31366867,31367076,"-","upstream","increases_with_age","other_hub",121
"ENSG00000213088.12","pink",0.815945281759737,2.21982000234739e-196,0.216541243454583,3.89549345112103e-10,0.815945281759737,0.216541243454583,16,"ACKR1",FALSE,"protein_coding","chr1",159203314,159206500,"+",159203314,3187,TRUE,0,FALSE,NA,16708,16708,"chr1_159220023_159220357_MLT1A0","MLT1A0","ERVL-MaLR","LTR_or_other",159220023,159220357,"-","downstream","increases_with_age","other_hub",122
"ENSG00000069974.16","pink",0.863563122079408,7.27857349391604e-245,0.215470037577093,4.77120757098298e-10,0.863563122079408,0.215470037577093,6,"RAB27A",FALSE,"protein_coding","chr15",55202966,55314160,"-",55314160,111195,TRUE,0,FALSE,NA,1144,1144,"chr15_55312817_55313015_MLT1I","MLT1I","ERVL-MaLR","LTR_or_other",55312817,55313015,"+","downstream","increases_with_age","other_hub",123
"ENSG00000258839.4","greenyellow",0.70589190687815,2.41964873380901e-124,0.212923924009987,7.69324877625475e-10,0.70589190687815,0.212923924009987,29,"MC1R",FALSE,"protein_coding","chr16",89913628,89920973,"+",89913628,7346,TRUE,0,FALSE,NA,20118,20118,"chr16_89933747_89933869_LTR67B","LTR67B","ERVL","LTR_or_other",89933747,89933869,"-","downstream","increases_with_age","other_hub",124
"ENSG00000204380.4","midnightblue",0.670366308094978,7.63967058326858e-108,0.212144165568222,8.89477816727093e-10,0.670366308094978,0.212144165568222,24,"PKP4-AS1",FALSE,"lncRNA","chr2",158658337,158735002,"-",158735002,76666,TRUE,0,FALSE,NA,6160,6160,"chr2_158728761_158728841_MLT1K","MLT1K","ERVL-MaLR","LTR_or_other",158728761,158728841,"-","downstream","increases_with_age","other_hub",125
"ENSG00000235910.2","midnightblue",0.651812576081913,4.15770704622585e-100,0.210912101697035,1.11744474570241e-09,0.651812576081913,0.210912101697035,29,"APOA1-AS",FALSE,"lncRNA","chr11",116853870,116856018,"+",116853870,2149,TRUE,0,FALSE,NA,6847,6847,"chr11_116860718_116861067_THE1D","THE1D","ERVL-MaLR","LTR_or_other",116860718,116861067,"+","downstream","increases_with_age","other_hub",126
"ENSG00000107282.8","blue",0.86949366969638,3.52857780459272e-252,0.210000828430291,1.32168844229017e-09,0.86949366969638,0.210000828430291,23,"APBA1",FALSE,"protein_coding","chr9",69427532,69672371,"-",69672371,244840,TRUE,0,FALSE,NA,4799,-4799,"chr9_69677171_69677350_MLT1K","MLT1K","ERVL-MaLR","LTR_or_other",69677171,69677350,"-","upstream","increases_with_age","other_hub",127
"ENSG00000196954.14","pink",0.860266972536453,6.02385944848611e-241,0.208078197262443,1.87872227763012e-09,0.860266972536453,0.208078197262443,7,"CASP4",FALSE,"protein_coding","chr11",104942866,104969366,"-",104969366,26501,TRUE,0,FALSE,NA,3036,-3036,"chr11_104972403_104972568_MER4B-int","MER4B-int","ERV1","internal",104972403,104972568,"-","upstream","increases_with_age","other_hub",128
"ENSG00000122694.16","turquoise",0.836242392828128,3.99071812592058e-215,0.2054588003225,3.01714541067238e-09,0.836242392828128,0.2054588003225,27,"GLIPR2",FALSE,"protein_coding","chr9",36136536,36163913,"+",36136536,27378,TRUE,0,FALSE,NA,4853,-4853,"chr9_36131522_36131682_LTR83","LTR83","ERVL","LTR_or_other",36131522,36131682,"-","upstream","increases_with_age","other_hub",129
"ENSG00000259820.1","midnightblue",0.678728881300959,1.61943422503692e-111,0.20315465834178,4.55339151255046e-09,0.678728881300959,0.20315465834178,19,"ENSG00000259820",FALSE,"lncRNA","chr8",134792020,134798272,"-",134798272,6253,TRUE,0,FALSE,NA,1747,1747,"chr8_134795965_134796524_MER21B","MER21B","ERVL","LTR_or_other",134795965,134796524,"+","downstream","increases_with_age","other_hub",130
"ENSG00000100320.23","blue",0.888667959295932,1.54739212704304e-278,0.202874618885716,4.78537847504799e-09,0.888667959295932,0.202874618885716,9,"RBFOX2",FALSE,"protein_coding","chr22",35738736,36028824,"-",36028824,290089,TRUE,0,FALSE,NA,5271,-5271,"chr22_36034096_36034313_MLT1J","MLT1J","ERVL-MaLR","LTR_or_other",36034096,36034313,"+","upstream","increases_with_age","other_hub",131
"ENSG00000261669.1","midnightblue",0.67698783018406,9.64416449638613e-111,0.202832197506561,4.82150721013513e-09,0.67698783018406,0.202832197506561,21,"ENSG00000261669",FALSE,"lncRNA","chr16",24803451,24819739,"-",24819739,16289,TRUE,0,FALSE,NA,8515,8515,"chr16_24810933_24811223_MER77","MER77","ERVL","LTR_or_other",24810933,24811223,"-","downstream","increases_with_age","other_hub",132
"ENSG00000231443.2","greenyellow",0.709001335898553,6.62548012607558e-126,0.202499311944946,5.11435836332501e-09,0.709001335898553,0.202499311944946,28,"ENSG00000231443",FALSE,"processed_pseudogene","chr3",195937243,195938739,"+",195937243,1497,TRUE,0,FALSE,NA,2351,2351,"chr3_195939595_195939919_MLT2B4","MLT2B4","ERVL","LTR_or_other",195939595,195939919,"+","downstream","increases_with_age","other_hub",133
"ENSG00000077238.14","pink",0.878826959553659,1.89391256002391e-264,0.20206105533659,5.52636111511081e-09,0.878826959553659,0.20206105533659,2,"IL4R",FALSE,"protein_coding","chr16",27314102,27364778,"+",27314102,50677,TRUE,0,FALSE,NA,8419,-8419,"chr16_27305543_27305682_LTR84b","LTR84b","ERVL","LTR_or_other",27305543,27305682,"+","upstream","increases_with_age","other_hub",134
"ENSG00000185271.9","blue",0.870861114096946,6.45752623719212e-254,0.201492741257499,6.1088680115697e-09,0.870861114096946,0.201492741257499,22,"KLHL33",FALSE,"protein_coding","chr14",20425852,20436166,"-",20436166,10315,TRUE,0,FALSE,NA,12537,12537,"chr14_20423213_20423628_MSTA","MSTA","ERVL-MaLR","LTR_or_other",20423213,20423628,"-","downstream","increases_with_age","other_hub",135
"ENSG00000263272.1","greenyellow",0.73238341374356,2.35960603194408e-138,0.198160933012807,1.09287428397442e-08,0.73238341374356,0.198160933012807,19,"ENSG00000263272",FALSE,"lncRNA","chr17",5425139,5432541,"-",5432541,7403,TRUE,0,FALSE,NA,6917,-6917,"chr17_5439459_5439710_MER21A","MER21A","ERVL","LTR_or_other",5439459,5439710,"+","upstream","increases_with_age","other_hub",136
"ENSG00000066651.20","greenyellow",0.701231966081609,4.86855325398823e-122,0.194968307826859,1.89046609483794e-08,0.701231966081609,0.194968307826859,30,"TRMT11",FALSE,"protein_coding","chr6",125986479,126203817,"+",125986479,217339,TRUE,0,FALSE,NA,2917,-2917,"chr6_125983221_125983561_LTR84b","LTR84b","ERVL","LTR_or_other",125983221,125983561,"+","upstream","increases_with_age","other_hub",137
"ENSG00000176170.14","pink",0.818109440188565,2.88670635531875e-198,0.194787121950393,1.94965125641648e-08,0.818109440188565,0.194787121950393,14,"SPHK1",FALSE,"protein_coding","chr17",76376584,76387860,"+",76376584,11277,TRUE,0,FALSE,NA,922,922,"chr17_76377507_76377840_MLT1D","MLT1D","ERVL-MaLR","LTR_or_other",76377507,76377840,"+","downstream","increases_with_age","other_hub",138
"ENSG00000276564.1","midnightblue",0.671995321389983,1.5028393633952e-108,0.194454944370436,2.06285582084247e-08,0.671995321389983,0.194454944370436,23,"ENSG00000276564",FALSE,"lncRNA","chr16",14150833,14153235,"+",14150833,2403,TRUE,0,FALSE,NA,3698,3698,"chr16_14154532_14155050_MLT1F2","MLT1F2","ERVL-MaLR","LTR_or_other",14154532,14155050,"-","downstream","increases_with_age","other_hub",139
"ENSG00000186051.7","blue",0.899811041375618,3.46765600978675e-296,0.192338641666072,2.94870382533547e-08,0.899811041375618,0.192338641666072,2,"TAL2",FALSE,"protein_coding","chr9",105662457,105663124,"+",105662457,668,TRUE,0,FALSE,NA,7156,7156,"chr9_105669614_105669724_LTR78B","LTR78B","ERV1","LTR_or_other",105669614,105669724,"-","downstream","increases_with_age","other_hub",140
"ENSG00000154640.15","pink",0.793523534387396,3.35557118265048e-178,0.191356738374346,3.47563314369861e-08,0.793523534387396,0.191356738374346,28,"BTG3",FALSE,"protein_coding","chr21",17593653,17612945,"-",17612945,19293,TRUE,0,FALSE,NA,2060,-2060,"chr21_17615006_17615363_MLT1A0","MLT1A0","ERVL-MaLR","LTR_or_other",17615006,17615363,"+","upstream","increases_with_age","other_hub",141
"ENSG00000288862.1","blue",0.890026983463251,1.38073278726191e-280,0.190980093759315,3.7010445227584e-08,0.890026983463251,0.190980093759315,5,"ENSG00000288862",FALSE,"lncRNA","chr1",229407361,229410499,"+",229407361,3139,TRUE,0,FALSE,NA,5056,5056,"chr1_229412418_229412815_LTR7","LTR7","ERV1","LTR_or_other",229412418,229412815,"+","downstream","increases_with_age","other_hub",142
"ENSG00000279609.1","blue",0.887738531227492,3.76650775085701e-277,0.186599342731865,7.61601160831391e-08,0.887738531227492,0.186599342731865,10,"ENSG00000279609",FALSE,"TEC","chr9",105656369,105657989,"+",105656369,1621,TRUE,0,FALSE,NA,2000,-2000,"chr9_105654201_105654368_MLT1I","MLT1I","ERVL-MaLR","LTR_or_other",105654201,105654368,"-","upstream","increases_with_age","other_hub",143
"ENSG00000188037.14","blue",0.86161509859006,1.54786796656469e-242,0.185137455709455,9.65324787410536e-08,0.86161509859006,0.185137455709455,28,"CLCN1",FALSE,"protein_coding","chr7",143316111,143352083,"+",143316111,35973,TRUE,0,FALSE,NA,2411,-2411,"chr7_143313381_143313699_LTR3B_","LTR3B_","ERVK","LTR_or_other",143313381,143313699,"-","upstream","increases_with_age","other_hub",144
"ENSG00000286242.1","midnightblue",0.722867540462394,3.92326521767665e-133,0.183999696497303,1.15938740830844e-07,0.722867540462394,0.183999696497303,8,"ENSG00000286242",FALSE,"lncRNA","chr4",102814252,102819881,"+",102814252,5630,TRUE,0,FALSE,NA,27444,-27444,"chr4_102786674_102786807_LTR41B","LTR41B","ERVL","LTR_or_other",102786674,102786807,"-","upstream","increases_with_age","other_hub",145
"ENSG00000101203.17","darkgreen",0.796342376912565,2.32696081728526e-180,0.182737750775867,1.41869486795315e-07,0.796342376912565,0.182737750775867,16,"COL20A1",FALSE,"protein_coding","chr20",63293186,63334851,"+",63293186,41666,TRUE,0,FALSE,NA,22129,-22129,"chr20_63270957_63271056_LTR16C","LTR16C","ERVL","LTR_or_other",63270957,63271056,"+","upstream","increases_with_age","other_hub",146
"ENSG00000229598.1","midnightblue",0.663296229414592,7.87689378199532e-105,0.182044689237792,1.58406813964257e-07,0.663296229414592,0.182044689237792,26,"PRDX3P1",FALSE,"processed_pseudogene","chr22",38722743,38723505,"-",38723505,763,TRUE,0,FALSE,NA,19235,19235,"chr22_38704007_38704269_MER21B","MER21B","ERVL","LTR_or_other",38704007,38704269,"-","downstream","increases_with_age","other_hub",147
"ENSG00000151789.12","pink",0.808728400393597,2.88143438956649e-190,0.180810109501198,1.92583983377459e-07,0.808728400393597,0.180810109501198,20,"ZNF385D",FALSE,"protein_coding","chr3",21412218,22373321,"-",22373321,961104,TRUE,0,FALSE,NA,2824,-2824,"chr3_22376146_22376395_LTR16A","LTR16A","ERVL","LTR_or_other",22376146,22376395,"-","upstream","increases_with_age","other_hub",148
"ENSG00000134285.11","pink",0.838409440603582,2.80826353543017e-217,0.179666535399859,2.30512865657028e-07,0.838409440603582,0.179666535399859,11,"FKBP11",FALSE,"protein_coding","chr12",48921959,48925520,"-",48925520,3562,TRUE,0,FALSE,NA,2009,-2009,"chr12_48927530_48927656_MLT1J","MLT1J","ERVL-MaLR","LTR_or_other",48927530,48927656,"+","upstream","increases_with_age","other_hub",149
"ENSG00000271533.1","midnightblue",0.725563469863509,1.37068048137758e-134,0.179359066915248,2.41881249485502e-07,0.725563469863509,0.179359066915248,7,"ENSG00000271533",FALSE,"lncRNA","chrX",74209976,74213660,"-",74213660,3685,TRUE,0,FALSE,NA,27769,27769,"chrX_74185592_74185890_HERV16-int","HERV16-int","ERVL","internal",74185592,74185890,"+","downstream","increases_with_age","other_hub",150
"ENSG00000187514.17","pink",0.808566057557374,3.9275344115213e-190,0.178219602446668,2.88915010263898e-07,0.808566057557374,0.178219602446668,21,"PTMA",FALSE,"protein_coding","chr2",231707036,231713551,"+",231707036,6516,TRUE,0,FALSE,NA,10055,10055,"chr2_231717092_231717159_MLT1K","MLT1K","ERVL-MaLR","LTR_or_other",231717092,231717159,"+","downstream","increases_with_age","other_hub",151
"ENSG00000250116.2","midnightblue",0.764480428833643,9.30912027288236e-158,0.176489234357273,3.77585677034225e-07,0.764480428833643,0.176489234357273,6,"RHOQ-AS1",FALSE,"lncRNA","chr2",46568256,46580238,"-",46580238,11983,TRUE,0,FALSE,NA,11679,11679,"chr2_46568171_46568558_LTR47A2","LTR47A2","ERVL","LTR_or_other",46568171,46568558,"-","downstream","increases_with_age","other_hub",152
"ENSG00000246695.9","blue",0.877762978352369,5.32828778574982e-263,0.175763590946308,4.22111374925635e-07,0.877762978352369,0.175763590946308,14,"RASSF8-AS1",FALSE,"lncRNA","chr12",25936683,25959765,"-",25959765,23083,TRUE,0,FALSE,NA,3693,3693,"chr12_25955839_25956071_MLT1D","MLT1D","ERVL-MaLR","LTR_or_other",25955839,25956071,"+","downstream","increases_with_age","other_hub",153
"ENSG00000118495.21","turquoise",0.83859058127862,1.84952929788793e-217,0.175355644688466,4.49320288915449e-07,0.83859058127862,0.175355644688466,25,"PLAGL1",FALSE,"protein_coding","chr6",143940300,144064599,"-",144064599,124300,TRUE,0,FALSE,NA,4593,-4593,"chr6_144069193_144069265_THE1B","THE1B","ERVL-MaLR","LTR_or_other",144069193,144069265,"-","upstream","increases_with_age","other_hub",154
"ENSG00000159784.18","blue",0.864862623120905,1.94601619790053e-246,0.174174944491826,5.37923439851252e-07,0.864862623120905,0.174174944491826,26,"FAM131B",FALSE,"protein_coding","chr7",143353400,143362725,"-",143362725,9326,TRUE,0,FALSE,NA,7635,-7635,"chr7_143370361_143370905_MER41A","MER41A","ERV1","LTR_or_other",143370361,143370905,"+","upstream","increases_with_age","other_hub",155
"ENSG00000179564.4","blue",0.889361743775868,1.40178901565954e-279,0.173208442899416,6.22749952387911e-07,0.889361743775868,0.173208442899416,8,"LSMEM2",FALSE,"protein_coding","chr3",50279087,50287731,"+",50279087,8645,TRUE,0,FALSE,NA,25890,25890,"chr3_50304978_50305233_MER4A1","MER4A1","ERV1","LTR_or_other",50304978,50305233,"+","downstream","increases_with_age","other_hub",156
"ENSG00000162636.16","turquoise",0.841650381191789,1.47533068372564e-220,0.167221096216447,1.51513900602429e-06,0.841650381191789,0.167221096216447,22,"FAM102B",FALSE,"protein_coding","chr1",108560089,108644900,"+",108560089,84812,TRUE,0,FALSE,NA,2862,-2862,"chr1_108557130_108557226_LTR33","LTR33","ERVL","LTR_or_other",108557130,108557226,"+","upstream","increases_with_age","other_hub",157
"ENSG00000175471.20","pink",0.801706124125407,1.45512635049751e-184,0.16590608855258,1.83427939735978e-06,0.801706124125407,0.16590608855258,24,"MCTP1",FALSE,"protein_coding","chr5",94703690,95285094,"-",95285094,581405,TRUE,0,FALSE,NA,6108,-6108,"chr5_95291203_95291499_LTR16C","LTR16C","ERVL","LTR_or_other",95291203,95291499,"+","upstream","increases_with_age","other_hub",158
"ENSG00000272054.1","midnightblue",0.672588837965031,8.28902554499754e-109,0.162615833118227,2.94003099244815e-06,0.672588837965031,0.162615833118227,22,"ENSG00000272054",FALSE,"lncRNA","chr2",37208875,37212677,"+",37208875,3803,TRUE,0,FALSE,NA,2754,-2754,"chr2_37206023_37206120_MLT2B3","MLT2B3","ERVL","LTR_or_other",37206023,37206120,"+","upstream","increases_with_age","other_hub",159
"ENSG00000152689.18","blue",0.861025062874479,7.72243095042633e-242,0.159727714110138,4.41457448974457e-06,0.861025062874479,0.159727714110138,30,"RASGRP3",FALSE,"protein_coding","chr2",33436324,33564750,"+",33436324,128427,TRUE,0,FALSE,NA,4106,-4106,"chr2_33431951_33432217_MLT1F2","MLT1F2","ERVL-MaLR","LTR_or_other",33431951,33432217,"-","upstream","increases_with_age","other_hub",160
"ENSG00000135272.13","blue",0.871274965852739,1.90674530730305e-254,0.156608009099378,6.7939360446584e-06,0.871274965852739,0.156608009099378,21,"MDFIC",FALSE,"protein_coding","chr7",114922094,115019917,"+",114922094,97824,TRUE,0,FALSE,NA,2383,-2383,"chr7_114919561_114919710_MLT1A0","MLT1A0","ERVL-MaLR","LTR_or_other",114919561,114919710,"-","upstream","increases_with_age","other_hub",161
"ENSG00000248538.9","blue",0.873870236803436,8.23464725484432e-258,0.154075956821546,9.58194816331892e-06,0.873870236803436,0.154075956821546,18,"ENSG00000248538",FALSE,"lncRNA","chr8",9151695,9425524,"+",9151695,273830,TRUE,0,FALSE,NA,11145,11145,"chr8_9162841_9163207_THE1B","THE1B","ERVL-MaLR","LTR_or_other",9162841,9163207,"-","downstream","increases_with_age","other_hub",162
"ENSG00000283787.2","blue",0.881852999173766,1.20182174720731e-268,0.153015238318414,1.10487450576573e-05,0.881852999173766,0.153015238318414,12,"PRR33",FALSE,"protein_coding","chr11",1888078,1891772,"-",1891772,3695,TRUE,0,FALSE,NA,5108,-5108,"chr11_1896881_1897269_MER57B2","MER57B2","ERV1","LTR_or_other",1896881,1897269,"-","upstream","increases_with_age","other_hub",163
"ENSG00000073711.11","blue",0.87909639930829,8.09457390386391e-265,0.152009035193397,1.26360801515162e-05,0.87909639930829,0.152009035193397,13,"PPP2R3A",FALSE,"protein_coding","chr3",135965728,136147894,"+",135965728,182167,TRUE,0,FALSE,NA,7671,-7671,"chr3_135956953_135958056_MER11A","MER11A","ERVK","LTR_or_other",135956953,135958056,"-","upstream","increases_with_age","other_hub",164
"ENSG00000149575.9","blue",0.863276270292937,1.61086842056817e-244,0.149009571131417,1.87589428153275e-05,0.863276270292937,0.149009571131417,27,"SCN2B",FALSE,"protein_coding","chr11",118162806,118176639,"-",118176639,13834,TRUE,0,FALSE,NA,13571,-13571,"chr11_118190211_118190552_THE1A","THE1A","ERVL-MaLR","LTR_or_other",118190211,118190552,"+","upstream","increases_with_age","other_hub",165
"ENSG00000185745.10","blue",0.895711085375458,1.84444002396715e-289,0.146361542635244,2.64227376661349e-05,0.895711085375458,0.146361542635244,4,"IFIT1",FALSE,"protein_coding","chr10",89392546,89406487,"+",89392546,13942,TRUE,0,FALSE,NA,2400,2400,"chr10_89394947_89395838_MER54A","MER54A","ERVL","LTR_or_other",89394947,89395838,"+","downstream","increases_with_age","other_hub",166
"ENSG00000119314.16","pink",0.780333091144214,1.57699367044347e-168,0.144205907466202,3.47701409641121e-05,0.780333091144214,0.144205907466202,30,"PTBP3",FALSE,"protein_coding","chr9",112217716,112333664,"-",112333664,115949,TRUE,0,FALSE,NA,8094,8094,"chr9_112325135_112325569_MER61D","MER61D","ERV1","LTR_or_other",112325135,112325569,"+","downstream","increases_with_age","other_hub",167
"ENSG00000120254.16","pink",0.807572852973004,2.59570423960423e-189,0.143430403977012,3.83432222894063e-05,0.807572852973004,0.143430403977012,22,"MTHFD1L",FALSE,"protein_coding","chr6",150865679,151101887,"+",150865679,236209,TRUE,0,FALSE,NA,3240,-3240,"chr6_150861466_150862438_LTR5B","LTR5B","ERVK","LTR_or_other",150861466,150862438,"+","upstream","increases_with_age","other_hub",168
"ENSG00000272037.1","midnightblue",0.824581264438084,4.64587271657378e-204,0.143196712448685,3.94864109005178e-05,0.824581264438084,0.143196712448685,1,"ENSG00000272037",FALSE,"lncRNA","chr8",102256392,102257821,"+",102256392,1430,TRUE,0,FALSE,NA,3675,3675,"chr8_102260068_102260642_MER68B","MER68B","ERVL","LTR_or_other",102260068,102260642,"+","downstream","increases_with_age","other_hub",169
"ENSG00000235070.3","blue",0.872785716782705,2.14124124636296e-256,0.139335097345513,6.37432074861645e-05,0.872785716782705,0.139335097345513,20,"ENSG00000235070",FALSE,"lncRNA","chr2",226180044,226185371,"-",226185371,5328,TRUE,0,FALSE,NA,5435,5435,"chr2_226179271_226179935_LTR78","LTR78","ERV1","LTR_or_other",226179271,226179935,"+","downstream","increases_with_age","other_hub",170
"ENSG00000108556.10","darkgreen",0.808322586340839,6.246112384248e-190,0.137839559818453,7.64792309569909e-05,0.808322586340839,0.137839559818453,14,"CHRNE",FALSE,"protein_coding","chr17",4898062,4903098,"-",4903098,5037,TRUE,0,FALSE,NA,6671,-6671,"chr17_4909770_4909885_MLT1O","MLT1O","ERVL-MaLR","LTR_or_other",4909770,4909885,"+","upstream","increases_with_age","other_hub",171
"ENSG00000246859.3","blue",0.88489051117626,5.61054187428971e-273,0.13748056858332,7.98755332896345e-05,0.88489051117626,0.13748056858332,11,"STARD4-AS1",FALSE,"lncRNA","chr5",111510396,111739726,"+",111510396,229331,TRUE,0,FALSE,NA,6820,6820,"chr5_111517217_111518090_MER21A","MER21A","ERVL","LTR_or_other",111517217,111518090,"+","downstream","increases_with_age","other_hub",172
"ENSG00000287134.1","midnightblue",0.694009850803986,1.48035039562787e-118,0.134540431172588,0.000113560243850095,0.694009850803986,0.134540431172588,17,"ENSG00000287134",FALSE,"lncRNA","chr8",13147389,13207125,"+",13147389,59737,TRUE,0,FALSE,NA,2401,-2401,"chr8_13144860_13144987_MLT1G","MLT1G","ERVL-MaLR","LTR_or_other",13144860,13144987,"+","upstream","increases_with_age","other_hub",173
"ENSG00000134548.11","blue",0.889426290643247,1.12021070661431e-279,0.132069468913127,0.000151798942860278,0.889426290643247,0.132069468913127,7,"SPX",FALSE,"protein_coding","chr12",21526296,21541249,"+",21526296,14954,TRUE,0,FALSE,NA,2320,-2320,"chr12_21523743_21523975_MLT1N2","MLT1N2","ERVL-MaLR","LTR_or_other",21523743,21523975,"-","upstream","increases_with_age","other_hub",174
"ENSG00000150722.11","blue",0.866235296043659,4.07179332629957e-248,0.131564009550336,0.000160984604652653,0.866235296043659,0.131564009550336,25,"PPP1R1C",FALSE,"protein_coding","chr2",181954241,182131398,"+",181954241,177158,TRUE,0,FALSE,NA,3126,-3126,"chr2_181950866_181951114_LTR78","LTR78","ERV1","LTR_or_other",181950866,181951114,"+","upstream","increases_with_age","other_hub",175
"ENSG00000251493.5","darkgreen",0.780516608352247,1.16922498709252e-168,0.12385431277604,0.000384379970858543,0.780516608352247,0.12385431277604,19,"FOXD1",FALSE,"protein_coding","chr5",73444827,73448777,"-",73448777,3951,TRUE,0,FALSE,NA,9165,-9165,"chr5_73457943_73458012_MLT1G3","MLT1G3","ERVL-MaLR","LTR_or_other",73457943,73458012,"-","upstream","increases_with_age","other_hub",176
"ENSG00000228107.1","midnightblue",0.71185763239389,2.33107990880971e-127,0.121658661342547,0.000488174414497206,0.71185763239389,0.121658661342547,11,"ENSG00000228107",FALSE,"lncRNA","chr21",36360630,36362040,"+",36360630,1411,TRUE,0,FALSE,NA,10361,10361,"chr21_36370992_36371048_MLT1J","MLT1J","ERVL-MaLR","LTR_or_other",36370992,36371048,"-","downstream","increases_with_age","other_hub",177
"ENSG00000182240.16","pink",0.81641005461942,8.7782233097478e-197,0.118410599754434,0.000690327405232072,0.81641005461942,0.118410599754434,15,"BACE2",FALSE,"protein_coding","chr21",41167801,41282530,"+",41167801,114730,TRUE,0,FALSE,NA,2382,-2382,"chr21_41165091_41165418_PrimLTR79","PrimLTR79","ERV1","LTR_or_other",41165091,41165418,"-","upstream","increases_with_age","other_hub",178
"ENSG00000236144.9","greenyellow",0.711629951213891,3.04847990674923e-127,0.116464723027778,0.000846143320473254,0.711629951213891,0.116464723027778,25,"TMEM147-AS1",FALSE,"lncRNA","chr19",35540738,35546029,"-",35546029,5292,TRUE,0,FALSE,NA,6547,6547,"chr19_35539298_35539481_MER4D1","MER4D1","ERV1","LTR_or_other",35539298,35539481,"-","downstream","increases_with_age","other_hub",179
"ENSG00000198805.12","pink",0.800169265902324,2.40180594574115e-183,0.11579970185395,0.000906462358425012,0.800169265902324,0.11579970185395,25,"PNP",FALSE,"protein_coding","chr14",20468954,20476903,"+",20468954,7950,TRUE,0,FALSE,NA,3707,-3707,"chr14_20465092_20465246_MLT1B","MLT1B","ERVL-MaLR","LTR_or_other",20465092,20465246,"-","upstream","increases_with_age","other_hub",180
"ENSG00000145934.16","darkgreen",0.816683094237923,5.08363478380648e-197,0.115142653249722,0.000969943261365227,0.816683094237923,0.115142653249722,9,"TENM2",FALSE,"protein_coding","chr5",167284799,168264157,"+",167284799,979359,TRUE,0,FALSE,NA,7058,7058,"chr5_167291858_167292221_THE1B","THE1B","ERVL-MaLR","LTR_or_other",167291858,167292221,"-","downstream","increases_with_age","other_hub",181
"ENSG00000139146.14","pink",0.813313800497478,4.03818777170867e-194,0.110541589636584,0.00154316727306436,0.813313800497478,0.110541589636584,17,"SINHCAF",FALSE,"protein_coding","chr12",31280896,31327058,"-",31327058,46163,TRUE,0,FALSE,NA,11665,11665,"chr12_31315056_31315392_LTR34","LTR34","ERV1","LTR_or_other",31315056,31315392,"-","downstream","increases_with_age","other_hub",182
"ENSG00000255423.1","midnightblue",0.656195989557195,6.92910658364312e-102,0.109330834917168,0.00173887081923753,0.656195989557195,0.109330834917168,28,"EBLN2",FALSE,"protein_coding","chr3",73061659,73063337,"+",73061659,1679,TRUE,0,FALSE,NA,27617,27617,"chr3_73089277_73089482_LTR16C","LTR16C","ERVL","LTR_or_other",73089277,73089482,"-","downstream","increases_with_age","other_hub",183
"ENSG00000280378.1","midnightblue",0.683899048511625,7.52046147390785e-114,0.105215660002305,0.00258673437160619,0.683899048511625,0.105215660002305,18,"ENSG00000280378",FALSE,"TEC","chr1",54033126,54034880,"-",54034880,1755,TRUE,0,FALSE,NA,14412,14412,"chr1_54020110_54020467_LTR7","LTR7","ERV1","LTR_or_other",54020110,54020467,"-","downstream","increases_with_age","other_hub",184
"ENSG00000279434.1","midnightblue",0.647391913864296,2.41242844164027e-98,0.0942694484528789,0.00697449450023575,0.647391913864296,0.0942694484528789,30,"ENSG00000279434",FALSE,"TEC","chr14",35086035,35088059,"+",35086035,2025,TRUE,0,FALSE,NA,11892,-11892,"chr14_35074088_35074142_MLT2A2","MLT2A2","ERVL","LTR_or_other",35074088,35074142,"-","upstream","increases_with_age","other_hub",185
"ENSG00000105639.20","pink",0.809677533378714,4.68384302499445e-191,0.0938103555099005,0.00725598302722034,0.809677533378714,0.0938103555099005,18,"JAK3",FALSE,"protein_coding","chr19",17824782,17848032,"-",17848032,23251,TRUE,0,FALSE,NA,4959,-4959,"chr19_17852992_17853148_MLT1A0","MLT1A0","ERVL-MaLR","LTR_or_other",17852992,17853148,"+","upstream","increases_with_age","other_hub",186
"ENSG00000215644.10","darkgreen",0.780051057359759,2.49613357576781e-168,0.0855014164819547,0.0144394332104635,0.780051057359759,0.0855014164819547,20,"GCGR",FALSE,"protein_coding","chr17",81804149,81814008,"+",81804149,9860,TRUE,0,FALSE,NA,2209,-2209,"chr17_81801722_81801939_MER31A","MER31A","ERV1","LTR_or_other",81801722,81801939,"-","upstream","increases_with_age","other_hub",187
"ENSG00000132854.19","darkgreen",0.737662576140149,2.39080989379809e-141,0.0825007349603436,0.0182751999377871,0.737662576140149,0.0825007349603436,23,"KANK4",FALSE,"protein_coding","chr1",62236165,62319434,"-",62319434,83270,TRUE,0,FALSE,NA,2747,-2747,"chr1_62322182_62322625_MER4A1","MER4A1","ERV1","LTR_or_other",62322182,62322625,"-","upstream","increases_with_age","other_hub",188
"ENSG00000163347.6","darkgreen",0.85788371886388,3.55293682404289e-238,0.0812637378893361,0.0200991929821194,0.85788371886388,0.0812637378893361,7,"CLDN1",FALSE,"protein_coding","chr3",190305707,190322446,"-",190322446,16740,TRUE,0,FALSE,NA,4632,-4632,"chr3_190327079_190327421_MLT2D","MLT2D","ERVL","LTR_or_other",190327079,190327421,"-","upstream","increases_with_age","other_hub",189
"ENSG00000100146.19","darkgreen",0.889023210723386,4.53360571574452e-279,0.0812405584003521,0.0201348337620289,0.889023210723386,0.0812405584003521,2,"SOX10",FALSE,"protein_coding","chr22",37970686,37984555,"-",37984555,13870,TRUE,0,FALSE,NA,22756,22756,"chr22_37961695_37961798_LTR79","LTR79","ERVL","LTR_or_other",37961695,37961798,"-","downstream","increases_with_age","other_hub",190
"ENSG00000163873.10","darkgreen",0.757833615129057,1.71940398165238e-153,0.080512266244199,0.0212830455287253,0.757833615129057,0.080512266244199,21,"GRIK3",FALSE,"protein_coding","chr1",36795527,37034515,"-",37034515,238989,TRUE,0,FALSE,NA,10229,-10229,"chr1_37044745_37045032_MSTD","MSTD","ERVL-MaLR","LTR_or_other",37044745,37045032,"+","upstream","increases_with_age","other_hub",191
"ENSG00000275620.1","darkgreen",0.811134607350788,2.8226976276005e-192,0.0756351262724113,0.0305405269887265,0.811134607350788,0.0756351262724113,11,"FLJ16779",FALSE,"lncRNA","chr20",63253978,63261615,"+",63253978,7638,TRUE,0,FALSE,NA,2113,-2113,"chr20_63250954_63251864_LTR13","LTR13","ERVK","LTR_or_other",63250954,63251864,"-","upstream","increases_with_age","other_hub",192
"ENSG00000175832.13","darkgreen",0.790198382907103,1.07049260089422e-175,0.0736027392532919,0.0353151616045085,0.790198382907103,0.0736027392532919,17,"ETV4",FALSE,"protein_coding","chr17",43527844,43579620,"-",43579620,51777,TRUE,0,FALSE,NA,2918,-2918,"chr17_43582539_43583084_MLT1M","MLT1M","ERVL-MaLR","LTR_or_other",43582539,43583084,"+","upstream","increases_with_age","other_hub",193
"ENSG00000146112.12","pink",0.809303616051047,9.59325755228409e-191,0.0709528617626266,0.042483186021883,0.809303616051047,0.0709528617626266,19,"PPP1R18",FALSE,"protein_coding","chr6",30676389,30687895,"-",30687895,11507,TRUE,0,FALSE,NA,3980,-3980,"chr6_30691876_30691908_LTR33","LTR33","ERVL","LTR_or_other",30691876,30691908,"+","upstream","increases_with_age","other_hub",194
"ENSG00000092758.18","darkgreen",0.809603237872446,5.40161609933505e-191,0.066215372078312,0.0583594969170036,0.809603237872446,0.066215372078312,12,"COL9A3",FALSE,"protein_coding","chr20",62816244,62841004,"+",62816244,24761,TRUE,0,FALSE,NA,11957,-11957,"chr20_62804155_62804286_MLT1E1A","MLT1E1A","ERVL-MaLR","LTR_or_other",62804155,62804286,"+","upstream","increases_with_age","other_hub",195
"ENSG00000166897.16","darkgreen",0.79793337755603,1.35865490039565e-181,0.0653027446503621,0.0619237909535306,0.79793337755603,0.0653027446503621,15,"ELFN2",FALSE,"protein_coding","chr22",37367960,37427479,"-",37427479,59520,TRUE,0,FALSE,NA,4977,-4977,"chr22_37432457_37432961_MLT1F","MLT1F","ERVL-MaLR","LTR_or_other",37432457,37432961,"-","upstream","increases_with_age","other_hub",196
"ENSG00000182853.12","darkgreen",0.787349354635706,1.37701898850852e-173,0.0619961105372498,0.0763737202782273,0.787349354635706,0.0619961105372498,18,"VMO1",FALSE,"protein_coding","chr17",4785285,4786433,"-",4786433,1149,TRUE,0,FALSE,NA,21408,21408,"chr17_4764615_4765024_MLT1K","MLT1K","ERVL-MaLR","LTR_or_other",4764615,4765024,"+","downstream","increases_with_age","other_hub",197
"ENSG00000249743.7","darkgreen",0.863523113123607,8.13232286787847e-245,0.058692258788129,0.0934410462389516,0.863523113123607,0.058692258788129,5,"ENSG00000249743",FALSE,"lncRNA","chr5",73213930,73295258,"+",73213930,81329,TRUE,0,FALSE,NA,7286,-7286,"chr5_73206348_73206643_MLT1D","MLT1D","ERVL-MaLR","LTR_or_other",73206348,73206643,"-","upstream","increases_with_age","other_hub",198
"ENSG00000223784.2","blue",0.868050864538836,2.28930556671867e-250,0.0573935622786946,0.100934884343377,0.868050864538836,0.0573935622786946,24,"LINP1",FALSE,"lncRNA","chr10",6709530,6740532,"+",6709530,31003,TRUE,0,FALSE,NA,8591,8591,"chr10_6718122_6718752_LTR65","LTR65","ERV1","LTR_or_other",6718122,6718752,"-","downstream","increases_with_age","other_hub",199
"ENSG00000181409.14","darkgreen",0.84243856759114,2.29152641028519e-221,0.0496944067622748,0.155608043158263,0.84243856759114,0.0496944067622748,8,"AATK",FALSE,"protein_coding","chr17",81110513,81166221,"-",81166221,55709,TRUE,0,FALSE,NA,3434,-3434,"chr17_81169656_81169755_MLT1C","MLT1C","ERVL-MaLR","LTR_or_other",81169656,81169755,"-","upstream","increases_with_age","other_hub",200
"ENSG00000170075.10","darkgreen",0.733545882896611,5.24387925553228e-139,0.0476781914844496,0.173097181229324,0.733545882896611,0.0476781914844496,27,"GPR37L1",FALSE,"protein_coding","chr1",202122886,202133403,"+",202122886,10518,TRUE,0,FALSE,NA,23313,23313,"chr1_202146200_202146455_MLT1A0","MLT1A0","ERVL-MaLR","LTR_or_other",202146200,202146455,"+","downstream","increases_with_age","other_hub",201
"ENSG00000102385.13","darkgreen",0.860891398382884,1.1102831833942e-241,0.0419701996542037,0.23050079934482,0.860891398382884,0.0419701996542037,6,"DRP2",FALSE,"protein_coding","chrX",101219769,101264502,"+",101219769,44734,TRUE,0,FALSE,NA,7073,7073,"chrX_101226843_101227215_MSTC","MSTC","ERVL-MaLR","LTR_or_other",101226843,101227215,"-","downstream","increases_with_age","other_hub",202
"ENSG00000231731.7","midnightblue",0.678448778184273,2.15969866492837e-111,0.0413757340074379,0.237177317980849,0.678448778184273,0.0413757340074379,20,"ENSG00000231731",FALSE,"lncRNA","chr2",127455394,127514623,"+",127455394,59230,TRUE,0,FALSE,NA,9953,9953,"chr2_127465348_127465711_THE1B","THE1B","ERVL-MaLR","LTR_or_other",127465348,127465711,"+","downstream","increases_with_age","other_hub",203
"ENSG00000165966.16","darkgreen",0.744509013290788,2.42983613768233e-145,0.0399936408552305,0.253223784200578,0.744509013290788,0.0399936408552305,22,"PDZRN4",FALSE,"protein_coding","chr12",41188320,41574745,"+",41188320,386426,TRUE,0,FALSE,NA,12111,-12111,"chr12_41175833_41176208_MLT1L","MLT1L","ERVL-MaLR","LTR_or_other",41175833,41176208,"+","upstream","increases_with_age","other_hub",204
"ENSG00000120057.5","darkgreen",0.897182900363627,7.65894427432028e-292,0.0392972651271139,0.261588628655059,0.897182900363627,0.0392972651271139,1,"SFRP5",FALSE,"protein_coding","chr10",97766751,97771999,"-",97771999,5249,TRUE,0,FALSE,NA,7374,7374,"chr10_97764516_97764624_MLT1J","MLT1J","ERVL-MaLR","LTR_or_other",97764516,97764624,"+","downstream","increases_with_age","other_hub",205
"ENSG00000101144.13","darkgreen",0.736045050167299,2.0121325881475e-140,0.0323950291139132,0.354785682430549,0.736045050167299,0.0323950291139132,25,"BMP7",FALSE,"protein_coding","chr20",57168753,57266641,"-",57266641,97889,TRUE,0,FALSE,NA,6356,-6356,"chr20_57272998_57273140_MLT1N2","MLT1N2","ERVL-MaLR","LTR_or_other",57272998,57273140,"+","upstream","increases_with_age","other_hub",206
"ENSG00000184454.7","darkgreen",0.867007338306397,4.53977956151518e-249,-0.0202991878343215,0.562088010538659,0.867007338306397,0.0202991878343215,4,"NCMAP",FALSE,"protein_coding","chr1",24556087,24609328,"+",24556087,53242,TRUE,0,FALSE,NA,5976,-5976,"chr1_24549851_24550110_MER66B","MER66B","ERV1","LTR_or_other",24549851,24550110,"+","upstream","decreases_with_age","other_hub",207
"ENSG00000103089.9","darkgreen",0.726587083196382,3.79548393244948e-135,-0.012291820088207,0.725565604651988,0.726587083196382,0.012291820088207,30,"FA2H",FALSE,"protein_coding","chr16",74712969,74774831,"-",74774831,61863,TRUE,0,FALSE,NA,6997,6997,"chr16_74767424_74767833_MLT1D","MLT1D","ERVL-MaLR","LTR_or_other",74767424,74767833,"+","downstream","decreases_with_age","other_hub",208
"ENSG00000158887.19","darkgreen",0.882290337477363,2.90857457083921e-269,0.011844724962632,0.735166328297706,0.882290337477363,0.011844724962632,3,"MPZ",FALSE,"protein_coding","chr1",161304735,161309968,"-",161309968,5234,TRUE,0,FALSE,NA,5739,-5739,"chr1_161315708_161316604_LTR5_Hs","LTR5_Hs","ERVK","LTR_or_other",161315708,161316604,"-","upstream","increases_with_age","other_hub",209
"ENSG00000164007.11","darkgreen",0.812196733163384,3.58665309388461e-193,-0.00938418591735842,0.788707205764233,0.812196733163384,0.00938418591735842,10,"CLDN19",FALSE,"protein_coding","chr1",42733093,42740254,"-",42740254,7162,TRUE,0,FALSE,NA,10119,-10119,"chr1_42750374_42750553_THE1B","THE1B","ERVL-MaLR","LTR_or_other",42750374,42750553,"+","upstream","decreases_with_age","other_hub",210
